Thu May  6 01:44:28 2021,1,396,82783,100,15.8750581741333,101.92057037353516,0.10177098214626312,13.866185188293457,18.91962432861328,0.09085552394390106
Thu May  6 01:45:08 2021,1,796,82783,200,15.674017906188965,94.27288818359375,0.10814132541418076,17.21489715576172,39.948570251464844,0.1776762306690216
Thu May  6 01:47:15 2021,1,396,82783,100,16.663148880004883,136.04270935058594,0.11940734833478928,19.089319229125977,123.07030487060547,0.1735651195049286
Thu May  6 01:47:49 2021,1,796,82783,200,17.080184936523438,120.63156127929688,0.136036679148674,13.35418701171875,114.54933166503906,0.12495370209217072
Thu May  6 01:48:22 2021,1,1196,82783,300,17.164812088012695,118.15696716308594,0.1472436487674713,23.41370964050293,43.5111198425293,0.23175519704818726
Thu May  6 01:48:56 2021,1,1596,82783,400,17.27869987487793,113.65013122558594,0.16012075543403625,14.455143928527832,55.65351867675781,0.16644731163978577
Thu May  6 01:49:30 2021,1,1996,82783,500,17.54954719543457,111.1274642944336,0.17194119095802307,18.383934020996094,37.88128662109375,0.2197771966457367
Thu May  6 01:50:04 2021,1,2396,82783,600,17.672372817993164,109.59415435791016,0.17925330996513367,15.369303703308105,422.49237060546875,0.1903092861175537
Thu May  6 01:50:38 2021,1,2796,82783,700,17.786434173583984,107.86437225341797,0.18770886957645416,19.392436981201172,17.649974822998047,0.2625848650932312
Thu May  6 01:51:12 2021,1,3196,82783,800,17.91844940185547,106.95610809326172,0.1934313327074051,19.78081512451172,131.5921173095703,0.2552054226398468
Thu May  6 01:51:46 2021,1,3596,82783,900,18.058027267456055,105.96710968017578,0.19718687236309052,20.339902877807617,34.15919876098633,0.23016569018363953
Thu May  6 01:52:20 2021,1,3996,82783,1000,18.12189292907715,105.83914184570312,0.20036569237709045,23.092763900756836,62.558570861816406,0.25505203008651733
Thu May  6 01:52:54 2021,1,4396,82783,1100,18.1084041595459,105.38159942626953,0.20217466354370117,18.937850952148438,383.4709777832031,0.21268820762634277
Thu May  6 01:53:27 2021,1,4796,82783,1200,18.188779830932617,104.84110260009766,0.2053317278623581,17.07262420654297,26.104650497436523,0.27007073163986206
Thu May  6 01:54:02 2021,1,5196,82783,1300,18.216976165771484,103.85680389404297,0.20817843079566956,17.21605110168457,79.79458618164062,0.2612210214138031
Thu May  6 01:54:35 2021,1,5596,82783,1400,18.316675186157227,103.6873779296875,0.21076008677482605,19.70612335205078,25.243982315063477,0.24689188599586487
Thu May  6 01:55:09 2021,1,5996,82783,1500,18.33309555053711,103.27062225341797,0.21198435127735138,17.24779510498047,44.80767059326172,0.25055184960365295
Thu May  6 01:55:43 2021,1,6396,82783,1600,18.357027053833008,102.94818878173828,0.2146507054567337,19.7031307220459,37.16957092285156,0.25377732515335083
Thu May  6 01:56:17 2021,1,6796,82783,1700,18.419858932495117,102.6449966430664,0.2171490341424942,18.036495208740234,386.65960693359375,0.24319198727607727
Thu May  6 01:56:51 2021,1,7196,82783,1800,18.459991455078125,101.81473541259766,0.22010335326194763,15.315808296203613,27.356571197509766,0.25614720582962036
Thu May  6 01:57:25 2021,1,7596,82783,1900,18.44995880126953,101.54901885986328,0.2225041538476944,18.650943756103516,44.18436813354492,0.24482190608978271
Thu May  6 01:57:59 2021,1,7996,82783,2000,18.48212242126465,100.9090576171875,0.22453002631664276,15.977372169494629,373.0589599609375,0.2445506453514099
Thu May  6 01:58:33 2021,1,8396,82783,2100,18.475500106811523,100.5210189819336,0.22655433416366577,24.73692512512207,34.61436080932617,0.32354775071144104
Thu May  6 01:59:07 2021,1,8796,82783,2200,18.499826431274414,99.99666595458984,0.22827181220054626,13.890307426452637,41.09733581542969,0.22241638600826263
Thu May  6 01:59:41 2021,1,9196,82783,2300,18.50069236755371,99.70266723632812,0.2301589548587799,23.027053833007812,28.613178253173828,0.3146513104438782
Thu May  6 02:00:15 2021,1,9596,82783,2400,18.501571655273438,99.1954574584961,0.23198135197162628,17.844879150390625,40.96733856201172,0.23223954439163208
Thu May  6 02:00:49 2021,1,9996,82783,2500,18.549854278564453,99.06498718261719,0.2337462306022644,21.225963592529297,28.87895393371582,0.30514633655548096
Thu May  6 02:01:23 2021,1,10396,82783,2600,18.566267013549805,98.97142791748047,0.23509077727794647,17.26068115234375,395.9462585449219,0.2089681625366211
Thu May  6 02:01:57 2021,1,10796,82783,2700,18.616357803344727,98.6227798461914,0.23648735880851746,19.004661560058594,25.397249221801758,0.28409379720687866
Thu May  6 02:02:30 2021,1,11196,82783,2800,18.651596069335938,98.57274627685547,0.23776231706142426,21.01754379272461,38.68177795410156,0.2584708631038666
Thu May  6 02:03:04 2021,1,11596,82783,2900,18.696374893188477,98.0674057006836,0.2393166869878769,19.29696273803711,23.867521286010742,0.25570613145828247
Thu May  6 02:03:38 2021,1,11996,82783,3000,18.731136322021484,97.9811019897461,0.2409624457359314,19.94023323059082,37.77969741821289,0.3089172840118408
Thu May  6 02:04:12 2021,1,12396,82783,3100,18.765823364257812,97.66486358642578,0.24255074560642242,20.10480499267578,181.32122802734375,0.27333754301071167
Thu May  6 02:04:46 2021,1,12796,82783,3200,18.779781341552734,97.42290496826172,0.2439444363117218,19.69830894470215,22.583553314208984,0.31519973278045654
Thu May  6 02:05:20 2021,1,13196,82783,3300,18.792234420776367,97.12190246582031,0.2451849728822708,16.81629180908203,85.85997772216797,0.24977287650108337
Thu May  6 02:05:54 2021,1,13596,82783,3400,18.815261840820312,96.89736938476562,0.24653036892414093,18.20646858215332,37.18342590332031,0.2904396057128906
Thu May  6 02:06:28 2021,1,13996,82783,3500,18.824548721313477,96.75977325439453,0.24770484864711761,18.448877334594727,76.60679626464844,0.295341432094574
Thu May  6 02:07:02 2021,1,14396,82783,3600,18.83909034729004,96.39482879638672,0.24901697039604187,24.480545043945312,33.40846252441406,0.3117702901363373
Thu May  6 02:07:36 2021,1,14796,82783,3700,18.855083465576172,96.31493377685547,0.2500784695148468,17.415687561035156,372.3657531738281,0.2776181101799011
Thu May  6 02:08:10 2021,1,15196,82783,3800,18.86531639099121,96.06111145019531,0.2509978413581848,19.121835708618164,158.7365264892578,0.236326664686203
Thu May  6 02:08:44 2021,1,15596,82783,3900,18.866573333740234,96.09698486328125,0.2514188885688782,23.37066078186035,38.508941650390625,0.3084312677383423
Thu May  6 02:09:18 2021,1,15996,82783,4000,18.881141662597656,95.97492980957031,0.2517803907394409,17.942188262939453,157.92349243164062,0.21829918026924133
Thu May  6 02:09:52 2021,1,16396,82783,4100,18.895278930664062,95.89523315429688,0.25223639607429504,20.068559646606445,34.08522033691406,0.30045247077941895
Thu May  6 02:10:26 2021,1,16796,82783,4200,18.910383224487305,95.83472442626953,0.25270384550094604,16.51953887939453,125.79916381835938,0.2562042772769928
Thu May  6 02:11:00 2021,1,17196,82783,4300,18.899580001831055,95.60733795166016,0.25325146317481995,18.51761245727539,30.07474136352539,0.2855965495109558
Thu May  6 02:11:34 2021,1,17596,82783,4400,18.901037216186523,95.63871002197266,0.2537325918674469,15.864378929138184,380.2793884277344,0.2522968649864197
Thu May  6 02:12:09 2021,1,17996,82783,4500,18.900554656982422,95.45824432373047,0.2542494237422943,16.672334671020508,25.047765731811523,0.24083855748176575
Thu May  6 02:12:42 2021,1,18396,82783,4600,18.90576934814453,95.44542694091797,0.2549878656864166,19.748336791992188,56.46876525878906,0.3278847634792328
Thu May  6 02:13:17 2021,1,18796,82783,4700,18.916824340820312,95.22693634033203,0.25557923316955566,16.328044891357422,37.25995635986328,0.2721678614616394
Thu May  6 02:13:50 2021,1,19196,82783,4800,18.924190521240234,95.18596649169922,0.25618457794189453,23.999757766723633,38.244049072265625,0.3391658663749695
Thu May  6 02:14:24 2021,1,19596,82783,4900,18.923646926879883,95.06661224365234,0.256804883480072,16.933589935302734,375.03680419921875,0.28301697969436646
Thu May  6 02:14:59 2021,1,19996,82783,5000,18.93125343322754,94.91899108886719,0.2576737403869629,15.683185577392578,42.38731384277344,0.31331831216812134
Thu May  6 02:15:33 2021,1,20396,82783,5100,18.937437057495117,94.75792694091797,0.2582964599132538,20.656784057617188,26.93081283569336,0.2684326171875
Thu May  6 02:16:07 2021,1,20796,82783,5200,18.949846267700195,94.69422912597656,0.25877615809440613,19.427644729614258,38.8271598815918,0.3000721335411072
Thu May  6 02:16:40 2021,1,21196,82783,5300,18.959169387817383,94.67375946044922,0.25918105244636536,24.223146438598633,52.57708740234375,0.3076450824737549
Thu May  6 02:17:15 2021,1,21596,82783,5400,18.970678329467773,94.51161193847656,0.25968143343925476,24.16567611694336,30.09418487548828,0.3213367462158203
Thu May  6 02:17:48 2021,1,21996,82783,5500,18.985612869262695,94.5108642578125,0.26021718978881836,17.037376403808594,81.8199234008789,0.2693590521812439
Thu May  6 02:18:23 2021,1,22396,82783,5600,18.993459701538086,94.30201721191406,0.26075804233551025,17.779233932495117,141.797607421875,0.24838466942310333
Thu May  6 02:18:56 2021,1,22796,82783,5700,19.000038146972656,94.28166961669922,0.26114585995674133,19.541160583496094,40.669681549072266,0.3395395874977112
Thu May  6 02:19:31 2021,1,23196,82783,5800,19.008909225463867,94.09358215332031,0.26179197430610657,18.360483169555664,39.32596206665039,0.2669661045074463
Thu May  6 02:20:05 2021,1,23596,82783,5900,19.011430740356445,94.04265594482422,0.26237207651138306,19.116500854492188,28.866117477416992,0.3183950185775757
Thu May  6 02:20:39 2021,1,23996,82783,6000,19.025049209594727,93.95330810546875,0.2628881633281708,16.303546905517578,391.4969482421875,0.26144570112228394
Thu May  6 02:21:13 2021,1,24396,82783,6100,19.038028717041016,93.82260131835938,0.263437420129776,23.26154136657715,36.88230514526367,0.3263019621372223
Thu May  6 02:21:47 2021,1,24796,82783,6200,19.051191329956055,93.78294372558594,0.26410406827926636,20.466732025146484,72.6651840209961,0.32350438833236694
Thu May  6 02:22:21 2021,1,25196,82783,6300,19.061471939086914,93.60126495361328,0.2648528516292572,15.885101318359375,39.23564147949219,0.3004348576068878
Thu May  6 02:22:55 2021,1,25596,82783,6400,19.079498291015625,93.55487060546875,0.26546353101730347,18.918292999267578,125.59464263916016,0.2847778797149658
Thu May  6 02:23:29 2021,1,25996,82783,6500,19.093353271484375,93.38336181640625,0.2661791145801544,18.124025344848633,172.79855346679688,0.28015756607055664
Thu May  6 02:24:03 2021,1,26396,82783,6600,19.097911834716797,93.32393646240234,0.2668266296386719,18.544944763183594,17.58987045288086,0.3176668882369995
Thu May  6 02:24:37 2021,1,26796,82783,6700,19.098588943481445,93.24779510498047,0.26739710569381714,16.7152099609375,374.4524230957031,0.2858414053916931
Thu May  6 02:25:11 2021,1,27196,82783,6800,19.108774185180664,93.14544677734375,0.2680431306362152,20.346485137939453,45.18988037109375,0.3358779549598694
Thu May  6 02:25:45 2021,1,27596,82783,6900,19.11134147644043,93.07684326171875,0.26846843957901,18.626657485961914,350.49761962890625,0.2951490879058838
Thu May  6 02:26:19 2021,1,27996,82783,7000,19.116069793701172,92.9936294555664,0.2688916027545929,16.998130798339844,25.905376434326172,0.2718238830566406
Thu May  6 02:26:53 2021,1,28396,82783,7100,19.11907958984375,92.92195129394531,0.2693827748298645,16.28522491455078,72.98054504394531,0.3267509639263153
Thu May  6 02:27:27 2021,1,28796,82783,7200,19.136798858642578,92.78899383544922,0.2700342833995819,24.077556610107422,41.6706428527832,0.3351694941520691
Thu May  6 02:28:01 2021,1,29196,82783,7300,19.145050048828125,92.76232147216797,0.2706148624420166,18.11195182800293,41.63349914550781,0.3034634590148926
Thu May  6 02:28:35 2021,1,29596,82783,7400,19.153745651245117,92.6061782836914,0.27113500237464905,18.801942825317383,24.858064651489258,0.2826559841632843
Thu May  6 02:29:09 2021,1,29996,82783,7500,19.154773712158203,92.59480285644531,0.27155640721321106,17.513195037841797,24.010948181152344,0.2890815734863281
Thu May  6 02:29:43 2021,1,30396,82783,7600,19.152603149414062,92.48632049560547,0.2719341218471527,15.701946258544922,80.49419403076172,0.26800107955932617
Thu May  6 02:30:17 2021,1,30796,82783,7700,19.157583236694336,92.4581298828125,0.27235403656959534,23.006969451904297,50.03089904785156,0.3486284911632538
Thu May  6 02:30:51 2021,1,31196,82783,7800,19.161474227905273,92.38961791992188,0.2727337181568146,17.93368148803711,38.6450309753418,0.267068088054657
Thu May  6 02:31:25 2021,1,31596,82783,7900,19.168859481811523,92.34693908691406,0.27299267053604126,24.262920379638672,32.04136657714844,0.2967066168785095
Thu May  6 02:31:59 2021,1,31996,82783,8000,19.160518646240234,92.47354125976562,0.2727966606616974,21.13867950439453,186.20889282226562,0.2421393245458603
Thu May  6 02:32:33 2021,1,32396,82783,8100,19.16472625732422,92.40397644042969,0.27286410331726074,18.773822784423828,27.412294387817383,0.29104769229888916
Thu May  6 02:33:07 2021,1,32796,82783,8200,19.16091537475586,92.43507385253906,0.27295154333114624,20.384845733642578,81.77046966552734,0.2829527258872986
Thu May  6 02:33:41 2021,1,33196,82783,8300,19.159290313720703,92.42656707763672,0.2729342579841614,20.695945739746094,27.55679702758789,0.2783787250518799
Thu May  6 02:34:15 2021,1,33596,82783,8400,19.157901763916016,92.45633697509766,0.2731291353702545,24.447036743164062,36.929630279541016,0.2871881127357483
Thu May  6 02:34:49 2021,1,33996,82783,8500,19.160663604736328,92.34420013427734,0.2735881507396698,19.16122055053711,349.7054748535156,0.2934514880180359
Thu May  6 02:35:23 2021,1,34396,82783,8600,19.159706115722656,92.26417541503906,0.27406424283981323,22.488948822021484,33.339393615722656,0.3442460298538208
Thu May  6 02:35:57 2021,1,34796,82783,8700,19.1623592376709,92.13182067871094,0.2744810879230499,15.360174179077148,80.81502532958984,0.27373719215393066
Thu May  6 02:36:31 2021,1,35196,82783,8800,19.162073135375977,92.06509399414062,0.27485132217407227,20.180824279785156,28.186933517456055,0.32331764698028564
Thu May  6 02:37:05 2021,1,35596,82783,8900,19.16049575805664,91.99491882324219,0.2752874493598938,20.916419982910156,71.59085845947266,0.3283458352088928
Thu May  6 02:37:39 2021,1,35996,82783,9000,19.161453247070312,91.83560943603516,0.2756887376308441,23.006816864013672,26.11855697631836,0.3193690776824951
Thu May  6 02:38:13 2021,1,36396,82783,9100,19.1584415435791,91.76333618164062,0.2760432958602905,22.675243377685547,129.4698486328125,0.3377675414085388
Thu May  6 02:38:48 2021,1,36796,82783,9200,19.161075592041016,91.6906509399414,0.27635064721107483,23.91383171081543,325.26165771484375,0.3440033197402954
Thu May  6 02:39:21 2021,1,37196,82783,9300,19.165136337280273,91.53254699707031,0.2768308222293854,17.711624145507812,24.175363540649414,0.2942063808441162
Thu May  6 02:39:56 2021,1,37596,82783,9400,19.170846939086914,91.35928344726562,0.2772219479084015,23.429718017578125,59.692317962646484,0.34469497203826904
Thu May  6 02:40:30 2021,1,37996,82783,9500,19.176258087158203,91.1954345703125,0.2776857018470764,14.829070091247559,18.235309600830078,0.28250086307525635
Thu May  6 02:41:04 2021,1,38396,82783,9600,19.176509857177734,91.04844665527344,0.2779792845249176,13.339738845825195,52.26710891723633,0.23979529738426208
Thu May  6 02:41:38 2021,1,38796,82783,9700,19.179529190063477,90.94526672363281,0.2783663272857666,23.617517471313477,40.09039306640625,0.34692174196243286
Thu May  6 02:42:12 2021,1,39196,82783,9800,19.18341827392578,90.81655883789062,0.27872177958488464,18.912012100219727,103.77462768554688,0.3288326859474182
Thu May  6 02:42:46 2021,1,39596,82783,9900,19.184932708740234,90.64537811279297,0.27902716398239136,16.9423885345459,25.556987762451172,0.31228411197662354
Thu May  6 02:43:20 2021,1,39996,82783,10000,19.196130752563477,90.52980041503906,0.2793806493282318,15.192903518676758,30.29488182067871,0.3033495545387268
Thu May  6 02:43:54 2021,1,40396,82783,10100,19.20086097717285,90.302978515625,0.2797565758228302,26.63768768310547,93.41661071777344,0.3777049481868744
Thu May  6 02:44:28 2021,1,40796,82783,10200,19.204465866088867,90.19911193847656,0.2800975739955902,22.912376403808594,39.61656951904297,0.33274802565574646
Thu May  6 02:45:02 2021,1,41196,82783,10300,19.205556869506836,90.0401840209961,0.28033292293548584,14.870756149291992,33.626670837402344,0.2207086831331253
Thu May  6 02:45:36 2021,1,41596,82783,10400,19.216114044189453,89.86271667480469,0.28069502115249634,23.063961029052734,22.711477279663086,0.3223034739494324
Thu May  6 02:46:10 2021,1,41996,82783,10500,19.220552444458008,89.67388153076172,0.2810684144496918,23.20400047302246,59.660648345947266,0.3541884422302246
Thu May  6 02:46:44 2021,1,42396,82783,10600,19.227069854736328,89.40987396240234,0.28142598271369934,20.85536003112793,9.31679630279541,0.2507830262184143
Thu May  6 02:47:18 2021,1,42796,82783,10700,19.231569290161133,89.20074462890625,0.28185024857521057,16.200538635253906,77.7661361694336,0.275948703289032
Thu May  6 02:47:52 2021,1,43196,82783,10800,19.236040115356445,88.89228057861328,0.28221777081489563,18.82244300842285,31.01912498474121,0.28024399280548096
Thu May  6 02:48:26 2021,1,43596,82783,10900,19.240835189819336,88.70104217529297,0.28253453969955444,21.26778793334961,36.93317413330078,0.3189069926738739
Thu May  6 02:49:00 2021,1,43996,82783,11000,19.242477416992188,88.42724609375,0.28271397948265076,12.072797775268555,97.18626403808594,0.19638676941394806
Thu May  6 02:49:34 2021,1,44396,82783,11100,19.24881362915039,88.18940734863281,0.28308549523353577,13.919633865356445,14.8676118850708,0.2226349413394928
Thu May  6 02:50:09 2021,1,44796,82783,11200,19.251869201660156,87.82662200927734,0.28344598412513733,11.22636604309082,23.98676109313965,0.20290574431419373
Thu May  6 02:50:42 2021,1,45196,82783,11300,19.2585506439209,87.54071044921875,0.2837485671043396,20.403547286987305,16.446796417236328,0.24503186345100403
Thu May  6 02:51:16 2021,1,45596,82783,11400,19.260828018188477,87.2314682006836,0.28393736481666565,13.676200866699219,29.8056697845459,0.25749772787094116
Thu May  6 02:51:51 2021,1,45996,82783,11500,19.265790939331055,86.8989486694336,0.2842593193054199,13.546479225158691,7.18881368637085,0.23403769731521606
Thu May  6 02:52:24 2021,1,46396,82783,11600,19.277774810791016,86.53704833984375,0.28460049629211426,21.02716827392578,61.6380500793457,0.344981849193573
Thu May  6 02:52:59 2021,1,46796,82783,11700,19.28187370300293,86.14627838134766,0.28477686643600464,17.7025089263916,18.15149688720703,0.19367820024490356
Thu May  6 02:53:32 2021,1,47196,82783,11800,19.29882049560547,85.76071166992188,0.2851272523403168,28.850229263305664,47.927955627441406,0.46187031269073486
Thu May  6 02:54:07 2021,1,47596,82783,11900,19.306806564331055,85.36592864990234,0.2852848768234253,14.612648010253906,50.15507507324219,0.216853067278862
Thu May  6 02:54:40 2021,1,47996,82783,12000,19.310884475708008,85.22872924804688,0.2854386568069458,16.86363410949707,16.50265121459961,0.2126082330942154
Thu May  6 02:55:15 2021,1,48396,82783,12100,19.310466766357422,85.21318054199219,0.28531187772750854,17.039405822753906,146.31260681152344,0.21370959281921387
Thu May  6 02:55:49 2021,1,48796,82783,12200,19.314725875854492,85.11636352539062,0.2852391004562378,15.48725700378418,32.87033462524414,0.2506557106971741
Thu May  6 02:56:23 2021,1,49196,82783,12300,19.31956672668457,84.84136962890625,0.2853836119174957,28.971256256103516,63.44982147216797,0.553719162940979
Thu May  6 02:56:57 2021,1,49596,82783,12400,19.325407028198242,84.67384338378906,0.2855716645717621,16.904325485229492,23.099273681640625,0.2925184965133667
Thu May  6 02:57:31 2021,1,49996,82783,12500,19.334962844848633,84.4244155883789,0.28581762313842773,18.61578941345215,42.02622604370117,0.23288142681121826
Thu May  6 02:58:05 2021,1,50396,82783,12600,19.337772369384766,84.11721801757812,0.2860223650932312,11.796669006347656,14.586344718933105,0.1867135465145111
Thu May  6 02:58:39 2021,1,50796,82783,12700,19.347688674926758,83.80029296875,0.28636619448661804,31.28791046142578,58.0241584777832,0.5346091389656067
Thu May  6 02:59:13 2021,1,51196,82783,12800,19.352197647094727,83.43714904785156,0.28659340739250183,33.32142639160156,153.12921142578125,0.4942089319229126
Thu May  6 02:59:47 2021,1,51596,82783,12900,19.357881546020508,83.07491302490234,0.2869052588939667,19.131423950195312,14.634997367858887,0.2542552947998047
Thu May  6 03:00:21 2021,1,51996,82783,13000,19.363656997680664,82.72930908203125,0.2871010899543762,18.09796905517578,32.62629318237305,0.24799874424934387
Thu May  6 03:00:55 2021,1,52396,82783,13100,19.369802474975586,82.50068664550781,0.2873515486717224,17.36669158935547,16.671966552734375,0.2678474485874176
Thu May  6 03:01:29 2021,1,52796,82783,13200,19.376693725585938,82.1628189086914,0.28762727975845337,17.819805145263672,26.061445236206055,0.3078557848930359
Thu May  6 03:02:03 2021,1,53196,82783,13300,19.387901306152344,81.79611206054688,0.2879403233528137,17.486583709716797,14.257184982299805,0.22767764329910278
Thu May  6 03:02:37 2021,1,53596,82783,13400,19.395246505737305,81.43605041503906,0.288205087184906,31.472747802734375,178.10406494140625,0.39517664909362793
Thu May  6 03:03:12 2021,1,53996,82783,13500,19.402690887451172,81.0944595336914,0.28839632868766785,17.79438591003418,11.460311889648438,0.22893878817558289
Thu May  6 03:03:45 2021,1,54396,82783,13600,19.409221649169922,80.8332290649414,0.2886301577091217,12.302600860595703,21.522584915161133,0.2154444307088852
Thu May  6 03:04:20 2021,1,54796,82783,13700,19.41472053527832,80.4881820678711,0.28880903124809265,32.17592239379883,58.77665328979492,0.5481758117675781
Thu May  6 03:04:53 2021,1,55196,82783,13800,19.423377990722656,80.13597106933594,0.28909730911254883,18.046245574951172,10.051387786865234,0.22996684908866882
Thu May  6 03:05:28 2021,1,55596,82783,13900,19.43056297302246,79.77539825439453,0.28931924700737,18.546772003173828,25.046388626098633,0.5090693235397339
Thu May  6 03:06:02 2021,1,55996,82783,14000,19.436779022216797,79.43030548095703,0.2895684540271759,12.58449935913086,5.089158058166504,0.13704971969127655
Thu May  6 03:06:36 2021,1,56396,82783,14100,19.442813873291016,79.11360168457031,0.2898021638393402,20.86457061767578,27.566417694091797,0.2607291340827942
Thu May  6 03:07:10 2021,1,56796,82783,14200,19.44513702392578,78.7921142578125,0.2899450659751892,19.861356735229492,10.525350570678711,0.20844362676143646
Thu May  6 03:07:44 2021,1,57196,82783,14300,19.446157455444336,78.46858978271484,0.29016175866127014,15.183736801147461,33.203853607177734,0.44445937871932983
Thu May  6 03:08:18 2021,1,57596,82783,14400,19.447290420532227,78.240478515625,0.29030635952949524,17.61124038696289,36.37620162963867,0.32036352157592773
Thu May  6 03:08:52 2021,1,57996,82783,14500,19.45353126525879,77.94184875488281,0.29056471586227417,27.464738845825195,44.89575958251953,0.44135528802871704
Thu May  6 03:09:27 2021,1,58396,82783,14600,19.453428268432617,77.58784484863281,0.2907293736934662,39.77220916748047,103.74386596679688,0.5158213973045349
Thu May  6 03:10:00 2021,1,58796,82783,14700,19.4549617767334,77.24365234375,0.29099634289741516,14.440391540527344,8.159981727600098,0.2731955349445343
Thu May  6 03:10:34 2021,1,59196,82783,14800,19.456987380981445,76.91262817382812,0.2911544740200043,26.339401245117188,58.00776672363281,0.5064008235931396
Thu May  6 03:11:09 2021,1,59596,82783,14900,19.46257209777832,76.56868743896484,0.291342556476593,15.444713592529297,13.108512878417969,0.18508769571781158
Thu May  6 03:11:43 2021,1,59996,82783,15000,19.463659286499023,76.27232360839844,0.2915007174015045,21.44908905029297,23.662931442260742,0.5239468812942505
Thu May  6 03:12:17 2021,1,60396,82783,15100,19.466415405273438,75.94508361816406,0.2916519343852997,18.318485260009766,15.506695747375488,0.20185908675193787
Thu May  6 03:12:51 2021,1,60796,82783,15200,19.470600128173828,75.62306213378906,0.29187607765197754,21.825611114501953,18.894134521484375,0.3813158869743347
Thu May  6 03:13:25 2021,1,61196,82783,15300,19.467628479003906,75.37274932861328,0.2919723689556122,14.890344619750977,10.481880187988281,0.28179967403411865
Thu May  6 03:13:59 2021,1,61596,82783,15400,19.4726505279541,75.10948181152344,0.2921559512615204,35.374656677246094,59.815040588378906,0.7100682258605957
Thu May  6 03:14:33 2021,1,61996,82783,15500,19.47502326965332,74.76557159423828,0.2923145294189453,23.497238159179688,47.40631103515625,0.5071276426315308
Thu May  6 03:15:07 2021,1,62396,82783,15600,19.482280731201172,74.45887756347656,0.2925456166267395,12.419238090515137,6.351963520050049,0.1332196742296219
Thu May  6 03:15:41 2021,1,62796,82783,15700,19.484357833862305,74.1670150756836,0.29270702600479126,24.057376861572266,38.09028625488281,0.451167494058609
Thu May  6 03:16:15 2021,1,63196,82783,15800,19.488611221313477,73.85606384277344,0.2928689420223236,13.472772598266602,6.272440433502197,0.2287449985742569
Thu May  6 03:16:49 2021,1,63596,82783,15900,19.494403839111328,73.53549194335938,0.2930559515953064,12.870573997497559,14.407380104064941,0.19484034180641174
Thu May  6 03:17:24 2021,1,63996,82783,16000,19.498376846313477,73.21510314941406,0.29322659969329834,14.856246948242188,10.60144329071045,0.2300814986228943
Thu May  6 03:17:57 2021,1,64396,82783,16100,19.503204345703125,72.90755462646484,0.2934587597846985,23.561758041381836,37.891544342041016,0.49308228492736816
Thu May  6 03:18:32 2021,1,64796,82783,16200,19.50558853149414,72.60570526123047,0.29352661967277527,12.245040893554688,4.24541711807251,0.12018094956874847
Thu May  6 03:19:05 2021,1,65196,82783,16300,19.509624481201172,72.30851745605469,0.29373452067375183,39.0799560546875,67.80143737792969,0.49111995100975037
Thu May  6 03:19:40 2021,1,65596,82783,16400,19.50870132446289,72.0348892211914,0.29376256465911865,14.353861808776855,16.338430404663086,0.18085506558418274
Thu May  6 03:20:14 2021,1,65996,82783,16500,19.504135131835938,72.00350189208984,0.29373809695243835,13.644023895263672,34.93330764770508,0.2590692639350891
Thu May  6 03:20:48 2021,1,66396,82783,16600,19.501012802124023,71.86955261230469,0.2937454879283905,34.05426025390625,119.49212646484375,0.5053883194923401
Thu May  6 03:21:22 2021,1,66796,82783,16700,19.503921508789062,71.63935089111328,0.2938568592071533,16.150859832763672,5.472344875335693,0.14210115373134613
Thu May  6 03:21:56 2021,1,67196,82783,16800,19.504507064819336,71.35888671875,0.29399314522743225,19.815265655517578,14.474725723266602,0.3490715026855469
Thu May  6 03:22:30 2021,1,67596,82783,16900,19.506141662597656,71.0606460571289,0.29415687918663025,17.78179359436035,8.980570793151855,0.21126814186573029
Thu May  6 03:23:04 2021,1,67996,82783,17000,19.50822639465332,70.76109313964844,0.29434943199157715,40.28636932373047,58.920894622802734,0.52121901512146
Thu May  6 03:23:38 2021,1,68396,82783,17100,19.507848739624023,70.46372985839844,0.29449355602264404,16.273990631103516,6.668136119842529,0.2261258363723755
Thu May  6 03:24:12 2021,1,68796,82783,17200,19.510164260864258,70.19417572021484,0.294693261384964,23.326725006103516,40.345909118652344,0.5014426708221436
Thu May  6 03:24:46 2021,1,69196,82783,17300,19.5096435546875,69.90779113769531,0.29478514194488525,27.718944549560547,33.51658248901367,0.5680841207504272
Thu May  6 03:25:20 2021,1,69596,82783,17400,19.511789321899414,69.63400268554688,0.29495754837989807,13.857952117919922,9.08381175994873,0.16311891376972198
Thu May  6 03:25:54 2021,1,69996,82783,17500,19.510589599609375,69.40188598632812,0.29503577947616577,19.866958618164062,55.663490295410156,0.5369198322296143
Thu May  6 03:26:28 2021,1,70396,82783,17600,19.514081954956055,69.17168426513672,0.29518547654151917,15.321969032287598,11.650081634521484,0.19300147891044617
Thu May  6 03:27:02 2021,1,70796,82783,17700,19.520936965942383,68.91250610351562,0.2953492999076843,18.05095863342285,18.754650115966797,0.5678319931030273
Thu May  6 03:27:36 2021,1,71196,82783,17800,19.521440505981445,68.63978576660156,0.29545649886131287,17.3175048828125,9.402993202209473,0.23683950304985046
Thu May  6 03:28:10 2021,1,71596,82783,17900,19.523473739624023,68.3876724243164,0.2956177592277527,20.9727783203125,17.481674194335938,0.3061663508415222
Thu May  6 03:28:45 2021,1,71996,82783,18000,19.52646827697754,68.17078399658203,0.29570522904396057,19.442546844482422,53.275482177734375,0.1602737307548523
Thu May  6 03:29:18 2021,1,72396,82783,18100,19.521739959716797,68.23865509033203,0.29567426443099976,27.295291900634766,260.25103759765625,0.44015610218048096
Thu May  6 03:29:53 2021,1,72796,82783,18200,19.522798538208008,68.1170425415039,0.2957381308078766,27.998563766479492,67.11405944824219,0.5348544120788574
Thu May  6 03:30:26 2021,1,73196,82783,18300,19.528398513793945,67.88615417480469,0.2959057688713074,20.196611404418945,6.25593376159668,0.2931716740131378
Thu May  6 03:31:01 2021,1,73596,82783,18400,19.534114837646484,67.62884521484375,0.2960342466831207,18.711139678955078,16.39655303955078,0.5949079990386963
Thu May  6 03:31:35 2021,1,73996,82783,18500,19.539840698242188,67.36641693115234,0.29619893431663513,11.88829231262207,9.145088195800781,0.17693033814430237
Thu May  6 03:32:09 2021,1,74396,82783,18600,19.544902801513672,67.1100082397461,0.296350359916687,23.62349510192871,28.12685775756836,0.44551020860671997
Thu May  6 03:32:43 2021,1,74796,82783,18700,19.54931640625,66.84771728515625,0.29651588201522827,16.088693618774414,3.2620506286621094,0.16304908692836761
Thu May  6 03:33:17 2021,1,75196,82783,18800,19.55217933654785,66.59762573242188,0.29669055342674255,23.809120178222656,33.97751235961914,0.4316028356552124
Thu May  6 03:33:51 2021,1,75596,82783,18900,19.55193328857422,66.34728240966797,0.29679471254348755,11.266366958618164,4.020871162414551,0.26907089352607727
Thu May  6 03:34:25 2021,1,75996,82783,19000,19.555782318115234,66.10477447509766,0.29697948694229126,12.924942016601562,11.776103019714355,0.2413049042224884
Thu May  6 03:34:59 2021,1,76396,82783,19100,19.555070877075195,65.84656524658203,0.297082781791687,31.03095054626465,20.99923324584961,0.4832932651042938
Thu May  6 03:35:33 2021,1,76796,82783,19200,19.556724548339844,65.60177612304688,0.2972550392150879,12.400903701782227,11.349492073059082,0.19265297055244446
Thu May  6 03:36:07 2021,1,77196,82783,19300,19.555635452270508,65.36573028564453,0.2973713278770447,13.698176383972168,14.28459644317627,0.31782597303390503
Thu May  6 03:36:41 2021,1,77596,82783,19400,19.557180404663086,65.13338470458984,0.29749470949172974,15.018990516662598,8.64832878112793,0.22369709610939026
Thu May  6 03:37:15 2021,1,77996,82783,19500,19.554121017456055,64.90509033203125,0.29759302735328674,14.84143352508545,13.52497673034668,0.1922617256641388
Thu May  6 03:37:49 2021,1,78396,82783,19600,19.55427360534668,64.676513671875,0.29772070050239563,10.258179664611816,4.298478603363037,0.14437666535377502
Thu May  6 03:38:23 2021,1,78796,82783,19700,19.555011749267578,64.43699645996094,0.29787877202033997,16.91399383544922,17.17401123046875,0.2827283442020416
Thu May  6 03:38:57 2021,1,79196,82783,19800,19.55478858947754,64.2049789428711,0.29797500371932983,21.788562774658203,9.314435005187988,0.20890700817108154
Thu May  6 03:39:31 2021,1,79596,82783,19900,19.55487632751465,64.19869232177734,0.2979375720024109,22.413633346557617,66.63501739501953,0.36294126510620117
Thu May  6 03:40:06 2021,1,79996,82783,20000,19.557334899902344,64.16558074951172,0.2979288399219513,22.10789680480957,34.333580017089844,0.4274114966392517
Thu May  6 03:40:39 2021,1,80396,82783,20100,19.56599235534668,64.02316284179688,0.2981123626232147,18.960128784179688,9.437482833862305,0.19447475671768188
Thu May  6 03:41:14 2021,1,80796,82783,20200,19.574934005737305,63.82065963745117,0.29825559258461,19.173194885253906,16.884159088134766,0.5671560764312744
Thu May  6 03:41:48 2021,1,81196,82783,20300,19.58523178100586,63.61479187011719,0.29844343662261963,17.247196197509766,7.128094673156738,0.20382767915725708
Thu May  6 03:42:22 2021,1,81596,82783,20400,19.594839096069336,63.395904541015625,0.2986307144165039,40.88417053222656,57.40800476074219,0.49925386905670166
Thu May  6 03:42:56 2021,1,81996,82783,20500,19.60004997253418,63.17292404174805,0.29877209663391113,14.889123916625977,11.978187561035156,0.1987173855304718
Thu May  6 03:43:30 2021,1,82396,82783,20600,19.606538772583008,62.95871353149414,0.29894161224365234,24.370777130126953,33.04936218261719,0.5283463001251221
Thu May  6 03:44:04 2021,2,82796,82783,20700,19.611120223999023,62.733829498291016,0.2990882992744446,17.368179321289062,3.106992244720459,0.18445345759391785
Thu May  6 03:44:38 2021,2,83196,82783,20800,19.61733627319336,62.51814270019531,0.299289345741272,41.49346923828125,54.2224006652832,0.507199764251709
Thu May  6 03:45:12 2021,2,83596,82783,20900,19.619779586791992,62.30006408691406,0.29939088225364685,38.14727020263672,48.641048431396484,0.7569368481636047
Thu May  6 03:45:46 2021,2,83996,82783,21000,19.62310028076172,62.09126663208008,0.2995603084564209,13.625619888305664,4.245449542999268,0.25715020298957825
Thu May  6 03:46:20 2021,2,84396,82783,21100,19.622833251953125,61.882381439208984,0.2996479868888855,31.022846221923828,25.622562408447266,0.454434335231781
Thu May  6 03:46:54 2021,2,84796,82783,21200,19.625770568847656,61.67879867553711,0.29981157183647156,16.617820739746094,7.639263153076172,0.21832990646362305
Thu May  6 03:47:28 2021,2,85196,82783,21300,19.626113891601562,61.46964645385742,0.2999083399772644,19.058887481689453,9.576425552368164,0.34047046303749084
Thu May  6 03:48:02 2021,2,85596,82783,21400,19.626399993896484,61.28157043457031,0.30002301931381226,13.225313186645508,5.99091911315918,0.22413334250450134
Thu May  6 03:48:36 2021,2,85996,82783,21500,19.6280574798584,61.08956527709961,0.30015820264816284,21.433921813964844,30.530794143676758,0.38984042406082153
Thu May  6 03:49:10 2021,2,86396,82783,21600,19.627246856689453,60.88640213012695,0.30027177929878235,23.78833770751953,12.828729629516602,0.3048858642578125
Thu May  6 03:49:44 2021,2,86796,82783,21700,19.631103515625,60.70132064819336,0.30044564604759216,16.27029800415039,19.38661003112793,0.5373173356056213
Thu May  6 03:50:19 2021,2,87196,82783,21800,19.629316329956055,60.49629592895508,0.300526887178421,24.013235092163086,26.374914169311523,0.4196844696998596
Thu May  6 03:50:52 2021,2,87596,82783,21900,19.632522583007812,60.29730224609375,0.3006778955459595,11.849555969238281,10.074300765991211,0.1958075314760208
Thu May  6 03:51:27 2021,2,87996,82783,22000,19.633731842041016,60.0926399230957,0.30077481269836426,18.832326889038086,12.28123664855957,0.19992351531982422
Thu May  6 03:52:01 2021,2,88396,82783,22100,19.63454246520996,59.90135192871094,0.3009066581726074,11.49108600616455,3.1414785385131836,0.14082328975200653
Thu May  6 03:52:35 2021,2,88796,82783,22200,19.63562774658203,59.70936584472656,0.3010350167751312,16.44910430908203,13.715447425842285,0.5701072216033936
Thu May  6 03:53:09 2021,2,89196,82783,22300,19.6340274810791,59.523460388183594,0.3011178970336914,14.017988204956055,10.426182746887207,0.16903117299079895
Thu May  6 03:53:43 2021,2,89596,82783,22400,19.635217666625977,59.45991516113281,0.30119839310646057,16.620635986328125,21.185569763183594,0.2746579051017761
Thu May  6 03:54:17 2021,2,89996,82783,22500,19.638078689575195,59.34971237182617,0.30124419927597046,17.200347900390625,9.40583610534668,0.25025907158851624
Thu May  6 03:54:51 2021,2,90396,82783,22600,19.642284393310547,59.17594909667969,0.3014105558395386,16.03536605834961,11.689678192138672,0.2113524079322815
Thu May  6 03:55:25 2021,2,90796,82783,22700,19.642444610595703,58.987648010253906,0.30149832367897034,29.99363899230957,23.528993606567383,0.46147477626800537
Thu May  6 03:55:59 2021,2,91196,82783,22800,19.643932342529297,58.80160903930664,0.3016490936279297,17.52526092529297,7.376486778259277,0.17892080545425415
Thu May  6 03:56:33 2021,2,91596,82783,22900,19.645401000976562,58.61610412597656,0.3017531931400299,16.715145111083984,10.8269624710083,0.2564629912376404
Thu May  6 03:57:07 2021,2,91996,82783,23000,19.64417839050293,58.432716369628906,0.3018636703491211,15.306903839111328,7.15357780456543,0.23041154444217682
Thu May  6 03:57:42 2021,2,92396,82783,23100,19.645198822021484,58.249515533447266,0.3019818067550659,32.29009246826172,46.549713134765625,0.6986998319625854
Thu May  6 03:58:16 2021,2,92796,82783,23200,19.643888473510742,58.06441879272461,0.30208295583724976,16.225217819213867,4.680783748626709,0.24251767992973328
Thu May  6 03:58:50 2021,2,93196,82783,23300,19.64573860168457,57.89011764526367,0.3022170960903168,33.52146911621094,46.89902877807617,0.6716428995132446
Thu May  6 03:59:24 2021,2,93596,82783,23400,19.64234161376953,57.709320068359375,0.30228501558303833,13.703753471374512,4.309911251068115,0.27013877034187317
Thu May  6 03:59:58 2021,2,93996,82783,23500,19.644397735595703,57.54916000366211,0.30243048071861267,36.338523864746094,49.00027847290039,0.6794940233230591
Thu May  6 04:00:32 2021,2,94396,82783,23600,19.641582489013672,57.48519515991211,0.3024495840072632,12.683749198913574,28.832988739013672,0.5356476902961731
Thu May  6 04:01:06 2021,2,94796,82783,23700,19.644329071044922,57.34550857543945,0.30254414677619934,16.86606788635254,12.976252555847168,0.22582948207855225
Thu May  6 04:01:40 2021,2,95196,82783,23800,19.643600463867188,57.19059753417969,0.30259066820144653,17.896724700927734,18.678829193115234,0.293292760848999
Thu May  6 04:02:14 2021,2,95596,82783,23900,19.6451358795166,57.03169631958008,0.3027043640613556,10.475502967834473,3.9264514446258545,0.268075168132782
Thu May  6 04:02:48 2021,2,95996,82783,24000,19.645681381225586,56.85999298095703,0.30280882120132446,25.43895721435547,29.48446273803711,0.569122314453125
Thu May  6 04:03:22 2021,2,96396,82783,24100,19.646238327026367,56.685237884521484,0.302907258272171,10.996335983276367,3.815345287322998,0.2756119966506958
Thu May  6 04:03:56 2021,2,96796,82783,24200,19.646835327148438,56.5143928527832,0.303037166595459,15.075237274169922,17.10507583618164,0.24978476762771606
Thu May  6 04:04:31 2021,2,97196,82783,24300,19.645841598510742,56.34224319458008,0.3031116724014282,11.737403869628906,4.530552864074707,0.12727849185466766
Thu May  6 04:05:04 2021,2,97596,82783,24400,19.645566940307617,56.182247161865234,0.30324992537498474,24.28338623046875,35.889678955078125,0.476424902677536
Thu May  6 04:05:39 2021,2,97996,82783,24500,19.643409729003906,56.017723083496094,0.3032826781272888,21.04461669921875,16.721818923950195,0.2984502911567688
Thu May  6 04:06:13 2021,2,98396,82783,24600,19.64399528503418,55.860958099365234,0.3034016489982605,14.821850776672363,7.81926155090332,0.20202437043190002
Thu May  6 04:06:47 2021,2,98796,82783,24700,19.64297103881836,55.69889450073242,0.3034946620464325,30.162616729736328,27.107860565185547,0.5670261383056641
Thu May  6 04:07:21 2021,2,99196,82783,24800,19.641464233398438,55.54629898071289,0.3035784959793091,10.655710220336914,5.516242027282715,0.12270958721637726
Thu May  6 04:07:55 2021,2,99596,82783,24900,19.640247344970703,55.41328048706055,0.3036530315876007,17.412548065185547,20.38688087463379,0.5092757344245911
Thu May  6 04:08:29 2021,2,99996,82783,25000,19.640409469604492,55.26395797729492,0.3037289083003998,15.242364883422852,8.629276275634766,0.23332899808883667
Thu May  6 04:09:03 2021,2,100396,82783,25100,19.640581130981445,55.11687088012695,0.30382004380226135,37.95956802368164,43.22115707397461,0.7051523327827454
Thu May  6 04:09:38 2021,2,100796,82783,25200,19.638595581054688,54.96099090576172,0.3038710355758667,13.362163543701172,4.888697624206543,0.13893797993659973
Thu May  6 04:10:12 2021,2,101196,82783,25300,19.63906478881836,54.80720520019531,0.30400004982948303,25.51108741760254,19.106435775756836,0.4714534282684326
Thu May  6 04:10:46 2021,2,101596,82783,25400,19.635774612426758,54.65208435058594,0.30404746532440186,35.55299377441406,58.36436462402344,0.7216149568557739
Thu May  6 04:11:20 2021,2,101996,82783,25500,19.635574340820312,54.50764465332031,0.30414825677871704,12.139591217041016,9.834298133850098,0.2277396023273468
Thu May  6 04:11:54 2021,2,102396,82783,25600,19.63294219970703,54.35496139526367,0.30421820282936096,13.333531379699707,9.717142105102539,0.2301107794046402
Thu May  6 04:12:28 2021,2,102796,82783,25700,19.632158279418945,54.20651626586914,0.30431604385375977,11.173446655273438,4.020459175109863,0.10695117712020874
Thu May  6 04:13:02 2021,2,103196,82783,25800,19.631195068359375,54.060062408447266,0.3043837249279022,14.137860298156738,9.174806594848633,0.3529898524284363
Thu May  6 04:13:36 2021,2,103596,82783,25900,19.630897521972656,53.917510986328125,0.30445995926856995,15.840590476989746,10.565887451171875,0.22942647337913513
Thu May  6 04:14:10 2021,2,103996,82783,26000,19.62947654724121,53.86167526245117,0.30443689227104187,22.56857681274414,40.35679244995117,0.38056129217147827
Thu May  6 04:14:44 2021,2,104396,82783,26100,19.632137298583984,53.77653884887695,0.30446749925613403,16.194223403930664,5.2589216232299805,0.1476459950208664
Thu May  6 04:15:18 2021,2,104796,82783,26200,19.63572120666504,53.65134811401367,0.304578572511673,29.492046356201172,18.620527267456055,0.4637472331523895
Thu May  6 04:15:53 2021,2,105196,82783,26300,19.635486602783203,53.501983642578125,0.30463680624961853,30.29351806640625,16.622453689575195,0.4971977472305298
Thu May  6 04:16:26 2021,2,105596,82783,26400,19.63570785522461,53.35545349121094,0.3047570586204529,9.282958030700684,3.793059825897217,0.10988971590995789
Thu May  6 04:17:01 2021,2,105996,82783,26500,19.63192367553711,53.209617614746094,0.30480292439460754,12.892728805541992,10.437936782836914,0.22193460166454315
Thu May  6 04:17:35 2021,2,106396,82783,26600,19.632802963256836,53.06668472290039,0.30491912364959717,19.798187255859375,8.560164451599121,0.22543111443519592
Thu May  6 04:18:09 2021,2,106796,82783,26700,19.6315975189209,52.92301559448242,0.3050098419189453,14.667877197265625,8.294270515441895,0.39123570919036865
Thu May  6 04:18:43 2021,2,107196,82783,26800,19.630386352539062,52.77849197387695,0.3050912916660309,11.159372329711914,3.401536226272583,0.11554296314716339
Thu May  6 04:19:17 2021,2,107596,82783,26900,19.629594802856445,52.63777160644531,0.30520451068878174,35.44737243652344,38.101566314697266,0.7063874006271362
Thu May  6 04:19:51 2021,2,107996,82783,27000,19.624874114990234,52.49968338012695,0.3052406311035156,21.921932220458984,11.534218788146973,0.21935904026031494
Thu May  6 04:20:25 2021,2,108396,82783,27100,19.624740600585938,52.37362289428711,0.3053511381149292,21.02657127380371,29.016849517822266,0.3827229142189026
Thu May  6 04:20:59 2021,2,108796,82783,27200,19.62084197998047,52.2391471862793,0.3053906261920929,15.036097526550293,9.997066497802734,0.3779448866844177
Thu May  6 04:21:33 2021,2,109196,82783,27300,19.62111473083496,52.108154296875,0.30549389123916626,13.120447158813477,3.871598720550537,0.09261173009872437
Thu May  6 04:22:08 2021,2,109596,82783,27400,19.619873046875,51.97097396850586,0.3055580258369446,25.158828735351562,29.177717208862305,0.5390955209732056
Thu May  6 04:22:41 2021,2,109996,82783,27500,19.61774444580078,51.834503173828125,0.30563780665397644,15.586590766906738,5.922570705413818,0.2186812460422516
Thu May  6 04:23:16 2021,2,110396,82783,27600,19.617582321166992,51.702117919921875,0.3057132959365845,34.92853546142578,38.01708221435547,0.7153453826904297
Thu May  6 04:23:50 2021,2,110796,82783,27700,19.61368179321289,51.583953857421875,0.30573058128356934,14.041166305541992,7.744410037994385,0.20950442552566528
Thu May  6 04:24:24 2021,2,111196,82783,27800,19.61261749267578,51.45476531982422,0.3058101534843445,22.621891021728516,23.720779418945312,0.439593642950058
Thu May  6 04:24:58 2021,2,111596,82783,27900,19.610488891601562,51.32673263549805,0.3058522641658783,14.325141906738281,3.478062868118286,0.15673542022705078
Thu May  6 04:25:32 2021,2,111996,82783,28000,19.609909057617188,51.20186233520508,0.3059564232826233,18.71714973449707,16.07938003540039,0.6081697940826416
Thu May  6 04:26:06 2021,2,112396,82783,28100,19.60687255859375,51.07065963745117,0.3060027062892914,33.064208984375,40.545936584472656,0.7154488563537598
Thu May  6 04:26:40 2021,2,112796,82783,28200,19.605127334594727,50.93995666503906,0.3060905337333679,12.131010055541992,4.050679683685303,0.24017372727394104
Thu May  6 04:27:14 2021,2,113196,82783,28300,19.60355567932129,50.80991744995117,0.3061506748199463,26.527019500732422,23.151824951171875,0.41167598962783813
Thu May  6 04:27:48 2021,2,113596,82783,28400,19.602970123291016,50.68543243408203,0.3062264919281006,16.048585891723633,10.15777587890625,0.2107832133769989
Thu May  6 04:28:22 2021,2,113996,82783,28500,19.601762771606445,50.563941955566406,0.30628159642219543,29.172183990478516,18.107513427734375,0.4908243715763092
Thu May  6 04:28:57 2021,2,114396,82783,28600,19.59999656677246,50.438377380371094,0.3063449561595917,16.015527725219727,10.621455192565918,0.1911727786064148
Thu May  6 04:29:31 2021,2,114796,82783,28700,19.598939895629883,50.4759635925293,0.3063185513019562,24.885051727294922,114.38634490966797,0.3602408766746521
Thu May  6 04:30:05 2021,2,115196,82783,28800,19.60405731201172,50.424076080322266,0.30626213550567627,17.76840591430664,5.71868896484375,0.27995967864990234
Thu May  6 04:30:39 2021,2,115596,82783,28900,19.610443115234375,50.308048248291016,0.3063700497150421,19.109495162963867,14.00050163269043,0.6026492714881897
Thu May  6 04:31:13 2021,2,115996,82783,29000,19.612722396850586,50.18216323852539,0.30642980337142944,37.931884765625,35.91496276855469,0.7369005084037781
Thu May  6 04:31:47 2021,2,116396,82783,29100,19.613513946533203,50.05962371826172,0.30652081966400146,15.740440368652344,5.658857345581055,0.22539764642715454
Thu May  6 04:32:21 2021,2,116796,82783,29200,19.613285064697266,49.93601989746094,0.3065933287143707,17.637767791748047,10.491979598999023,0.5875222682952881
Thu May  6 04:32:55 2021,2,117196,82783,29300,19.613235473632812,49.813106536865234,0.30665504932403564,11.895235061645508,3.186016798019409,0.12898994982242584
Thu May  6 04:33:29 2021,2,117596,82783,29400,19.612363815307617,49.69236755371094,0.30672234296798706,22.35195541381836,11.291086196899414,0.574952244758606
Thu May  6 04:34:03 2021,2,117996,82783,29500,19.61157989501953,49.575775146484375,0.30676865577697754,15.361648559570312,9.062662124633789,0.20099566876888275
Thu May  6 04:34:37 2021,2,118396,82783,29600,19.61280632019043,49.45956039428711,0.3068539500236511,32.282623291015625,37.302101135253906,0.6813610792160034
Thu May  6 04:35:12 2021,2,118796,82783,29700,19.610626220703125,49.33586883544922,0.30689120292663574,12.285062789916992,2.932420253753662,0.17945489287376404
Thu May  6 04:35:45 2021,2,119196,82783,29800,19.610078811645508,49.215065002441406,0.3069955110549927,14.874095916748047,8.433832168579102,0.3872975707054138
Thu May  6 04:36:20 2021,2,119596,82783,29900,19.607704162597656,49.090938568115234,0.30702975392341614,21.62540054321289,18.927120208740234,0.4682087302207947
Thu May  6 04:36:54 2021,2,119996,82783,30000,19.608076095581055,48.97964096069336,0.30710703134536743,18.53693389892578,8.032171249389648,0.22872623801231384
Thu May  6 04:37:28 2021,2,120396,82783,30100,19.6058292388916,48.860816955566406,0.3071586787700653,25.221649169921875,23.00985336303711,0.43065887689590454
Thu May  6 04:38:02 2021,2,120796,82783,30200,19.605743408203125,48.74428176879883,0.30723679065704346,9.345247268676758,3.7118732929229736,0.1380382478237152
Thu May  6 04:38:36 2021,2,121196,82783,30300,19.603670120239258,48.63059997558594,0.3073054850101471,20.693618774414062,26.0854434967041,0.4504793584346771
Thu May  6 04:39:10 2021,2,121596,82783,30400,19.603025436401367,48.520286560058594,0.3073480427265167,17.351795196533203,8.962818145751953,0.20397129654884338
Thu May  6 04:39:44 2021,2,121996,82783,30500,19.602388381958008,48.42366409301758,0.30739912390708923,11.83149528503418,14.666415214538574,0.16678526997566223
Thu May  6 04:40:18 2021,2,122396,82783,30600,19.600221633911133,48.47001647949219,0.30733558535575867,21.017711639404297,28.776926040649414,0.22588928043842316
Thu May  6 04:40:52 2021,2,122796,82783,30700,19.602493286132812,48.406288146972656,0.3073732852935791,14.863452911376953,12.167798042297363,0.39627400040626526
Thu May  6 04:41:26 2021,2,123196,82783,30800,19.602596282958984,48.30683517456055,0.3073984980583191,37.1195182800293,50.48737335205078,0.7063982486724854
Thu May  6 04:42:00 2021,2,123596,82783,30900,19.60433006286621,48.204673767089844,0.3074709475040436,10.633527755737305,3.945753812789917,0.1174321323633194
Thu May  6 04:42:34 2021,2,123996,82783,31000,19.60670280456543,48.098690032958984,0.3075099289417267,27.08721160888672,23.176816940307617,0.4308120608329773
Thu May  6 04:43:09 2021,2,124396,82783,31100,19.60791778564453,47.99468231201172,0.30758368968963623,17.3851318359375,12.657186508178711,0.27529850602149963
Thu May  6 04:43:43 2021,2,124796,82783,31200,19.60750389099121,47.88960647583008,0.30763745307922363,17.88414764404297,8.389372825622559,0.42301714420318604
Thu May  6 04:44:17 2021,2,125196,82783,31300,19.606822967529297,47.79364013671875,0.30767562985420227,20.014284133911133,7.220772743225098,0.21556136012077332
Thu May  6 04:44:51 2021,2,125596,82783,31400,19.606853485107422,47.6888542175293,0.30774715542793274,26.910118103027344,26.55653953552246,0.42437678575515747
Thu May  6 04:45:25 2021,2,125996,82783,31500,19.60580825805664,47.58352279663086,0.30778804421424866,16.06558609008789,5.044903755187988,0.2121255099773407
Thu May  6 04:45:59 2021,2,126396,82783,31600,19.60553550720215,47.47777557373047,0.3078797161579132,12.838785171508789,9.86591625213623,0.21381817758083344
Thu May  6 04:46:33 2021,2,126796,82783,31700,19.602432250976562,47.368431091308594,0.3079078197479248,34.40404510498047,33.480812072753906,0.725898265838623
Thu May  6 04:47:07 2021,2,127196,82783,31800,19.601961135864258,47.26192855834961,0.30798405408859253,14.511810302734375,7.677673816680908,0.25010114908218384
Thu May  6 04:47:41 2021,2,127596,82783,31900,19.60082244873047,47.15599822998047,0.3080161213874817,11.14634895324707,8.995253562927246,0.2161998748779297
Thu May  6 04:48:15 2021,2,127996,82783,32000,19.600034713745117,47.05704116821289,0.30808064341545105,21.17443084716797,10.49947452545166,0.28544527292251587
Thu May  6 04:48:49 2021,2,128396,82783,32100,19.598154067993164,46.95391082763672,0.3081214129924774,26.598918914794922,19.1840763092041,0.45028913021087646
Thu May  6 04:49:23 2021,2,128796,82783,32200,19.597326278686523,46.85232162475586,0.3081713020801544,10.543085098266602,3.1837270259857178,0.11214431375265121
Thu May  6 04:49:57 2021,2,129196,82783,32300,19.595516204833984,46.74699401855469,0.3082428574562073,14.339860916137695,6.879800796508789,0.40498092770576477
Thu May  6 04:50:32 2021,2,129596,82783,32400,19.593570709228516,46.639991760253906,0.30828261375427246,14.525520324707031,3.781691551208496,0.12017443776130676
Thu May  6 04:51:05 2021,2,129996,82783,32500,19.592931747436523,46.536338806152344,0.30837348103523254,17.797618865966797,9.862419128417969,0.6090191006660461
Thu May  6 04:51:40 2021,2,130396,82783,32600,19.589435577392578,46.43296813964844,0.3083912432193756,16.587650299072266,10.304991722106934,0.36721307039260864
Thu May  6 04:52:13 2021,2,130796,82783,32700,19.588863372802734,46.33640670776367,0.30846381187438965,11.739425659179688,7.575591087341309,0.1738135814666748
Thu May  6 04:52:48 2021,2,131196,82783,32800,19.58758544921875,46.23746871948242,0.30849936604499817,41.15184020996094,43.58576965332031,0.49516457319259644
Thu May  6 04:53:22 2021,2,131596,82783,32900,19.585468292236328,46.150020599365234,0.3085313141345978,9.17626953125,5.559786319732666,0.11042846739292145
Thu May  6 04:53:56 2021,2,131996,82783,33000,19.582565307617188,46.04912185668945,0.3085786998271942,13.656879425048828,8.078939437866211,0.3548120856285095
Thu May  6 04:54:30 2021,2,132396,82783,33100,19.583898544311523,45.957061767578125,0.30861708521842957,17.42894172668457,14.449091911315918,0.19263547658920288
Thu May  6 04:55:04 2021,2,132796,82783,33200,19.582820892333984,45.98157501220703,0.30863142013549805,26.854782104492188,54.11053466796875,0.43526121973991394
Thu May  6 04:55:38 2021,2,133196,82783,33300,19.582393646240234,45.912784576416016,0.30861443281173706,16.423917770385742,8.712784767150879,0.18312782049179077
Thu May  6 04:56:12 2021,2,133596,82783,33400,19.584680557250977,45.823299407958984,0.30869176983833313,14.579559326171875,9.828635215759277,0.3714412450790405
Thu May  6 04:56:46 2021,2,133996,82783,33500,19.582143783569336,45.72513198852539,0.3087088167667389,17.09491539001465,13.880112648010254,0.2803359031677246
Thu May  6 04:57:20 2021,2,134396,82783,33600,19.58220672607422,45.63328552246094,0.30878326296806335,14.360389709472656,3.637378454208374,0.24683339893817902
Thu May  6 04:57:54 2021,2,134796,82783,33700,19.58126449584961,45.53656768798828,0.3088220953941345,25.624286651611328,23.430400848388672,0.5334531664848328
Thu May  6 04:58:28 2021,2,135196,82783,33800,19.580598831176758,45.438541412353516,0.3088796138763428,13.630569458007812,6.488131046295166,0.2260167896747589
Thu May  6 04:59:02 2021,2,135596,82783,33900,19.580766677856445,45.342079162597656,0.3089480698108673,33.96192932128906,33.893470764160156,0.703353762626648
Thu May  6 04:59:36 2021,2,135996,82783,34000,19.579195022583008,45.24443817138672,0.3089875280857086,14.760202407836914,8.621871948242188,0.19333535432815552
Thu May  6 05:00:10 2021,2,136396,82783,34100,19.577533721923828,45.1505126953125,0.3090597987174988,29.44302749633789,18.22974967956543,0.45824944972991943
Thu May  6 05:00:45 2021,2,136796,82783,34200,19.57479476928711,45.057247161865234,0.3090738356113434,14.501976013183594,8.26132583618164,0.19261935353279114
Thu May  6 05:01:18 2021,2,137196,82783,34300,19.57537841796875,44.96707534790039,0.30915367603302,25.697656631469727,29.840370178222656,0.5143840312957764
Thu May  6 05:01:53 2021,2,137596,82783,34400,19.573320388793945,44.881011962890625,0.30916205048561096,25.23087501525879,27.071266174316406,0.5633381605148315
Thu May  6 05:02:27 2021,2,137996,82783,34500,19.571971893310547,44.79017639160156,0.3092285096645355,15.788021087646484,6.878092288970947,0.2493097335100174
Thu May  6 05:03:01 2021,2,138396,82783,34600,19.570735931396484,44.70161056518555,0.30926305055618286,23.110794067382812,19.704374313354492,0.4135861396789551
Thu May  6 05:03:35 2021,2,138796,82783,34700,19.56965446472168,44.614376068115234,0.3093095123767853,9.091888427734375,3.084233283996582,0.13797292113304138
Thu May  6 05:04:09 2021,2,139196,82783,34800,19.569028854370117,44.53632736206055,0.3093509078025818,35.48296356201172,42.09521484375,0.7558846473693848
Thu May  6 05:04:43 2021,2,139596,82783,34900,19.566343307495117,44.44767379760742,0.3093685209751129,19.601760864257812,8.916777610778809,0.2847568690776825
Thu May  6 05:05:17 2021,2,139996,82783,35000,19.565052032470703,44.35880661010742,0.3094281256198883,14.875558853149414,10.103158950805664,0.5821438431739807
Thu May  6 05:05:51 2021,2,140396,82783,35100,19.562288284301758,44.267120361328125,0.3094489872455597,17.08348274230957,9.674633979797363,0.19211886823177338
Thu May  6 05:06:25 2021,2,140796,82783,35200,19.56146240234375,44.178497314453125,0.3095283806324005,39.12074279785156,38.21747589111328,0.4832647442817688
Thu May  6 05:06:59 2021,2,141196,82783,35300,19.559560775756836,44.1373405456543,0.3095022141933441,15.877708435058594,17.21791648864746,0.14589516818523407
Thu May  6 05:07:33 2021,2,141596,82783,35400,19.564502716064453,44.07673645019531,0.30957484245300293,15.704673767089844,6.514829158782959,0.20078381896018982
Thu May  6 05:08:07 2021,2,141996,82783,35500,19.564332962036133,43.99665069580078,0.30959928035736084,22.40181541442871,14.856441497802734,0.3282501995563507
Thu May  6 05:08:41 2021,2,142396,82783,35600,19.56293487548828,43.91114044189453,0.30965283513069153,16.139745712280273,7.17573881149292,0.22777268290519714
Thu May  6 05:09:15 2021,2,142796,82783,35700,19.56072998046875,43.82135009765625,0.3097015619277954,15.11314868927002,8.700878143310547,0.3573503792285919
Thu May  6 05:09:49 2021,2,143196,82783,35800,19.558929443359375,43.731605529785156,0.30975639820098877,14.417037963867188,8.574522018432617,0.1958816647529602
Thu May  6 05:10:23 2021,2,143596,82783,35900,19.558063507080078,43.64508056640625,0.3098160922527313,31.968151092529297,18.065092086791992,0.4819621443748474
Thu May  6 05:10:58 2021,2,143996,82783,36000,19.5556640625,43.55685043334961,0.30984994769096375,10.359907150268555,3.2695486545562744,0.12688204646110535
Thu May  6 05:11:32 2021,2,144396,82783,36100,19.554500579833984,43.47211456298828,0.30993419885635376,14.853889465332031,7.296327590942383,0.38864070177078247
Thu May  6 05:12:06 2021,2,144796,82783,36200,19.551429748535156,43.387325286865234,0.3099437355995178,16.53448486328125,12.728059768676758,0.5262397527694702
Thu May  6 05:12:40 2021,2,145196,82783,36300,19.551008224487305,43.30723571777344,0.31000563502311707,9.976327896118164,4.580695152282715,0.1122552901506424
Thu May  6 05:13:14 2021,2,145596,82783,36400,19.54826545715332,43.2236442565918,0.31002697348594666,20.034481048583984,11.289875030517578,0.30526065826416016
Thu May  6 05:13:48 2021,2,145996,82783,36500,19.546266555786133,43.13813400268555,0.31009191274642944,17.922077178955078,4.64453649520874,0.23132377862930298
Thu May  6 05:14:22 2021,2,146396,82783,36600,19.545513153076172,43.06719207763672,0.31016600131988525,39.80224609375,52.744510650634766,0.5088779330253601
Thu May  6 05:14:56 2021,2,146796,82783,36700,19.547523498535156,42.989540100097656,0.31019407510757446,15.164163589477539,6.113205432891846,0.20904794335365295
Thu May  6 05:15:30 2021,2,147196,82783,36800,19.547761917114258,42.907962799072266,0.31026363372802734,35.81449890136719,29.949024200439453,0.7367721796035767
Thu May  6 05:16:04 2021,2,147596,82783,36900,19.54548454284668,42.82817840576172,0.3102850615978241,13.775585174560547,8.290206909179688,0.2142055332660675
Thu May  6 05:16:38 2021,2,147996,82783,37000,19.544891357421875,42.75230026245117,0.31035104393959045,15.34548282623291,8.613731384277344,0.4055735170841217
Thu May  6 05:17:13 2021,2,148396,82783,37100,19.542068481445312,42.676692962646484,0.3103539049625397,19.516386032104492,17.139211654663086,0.26386886835098267
Thu May  6 05:17:46 2021,2,148796,82783,37200,19.54119300842285,42.605384826660156,0.31040292978286743,15.42612075805664,11.89735221862793,0.24128971993923187
Thu May  6 05:18:20 2021,2,149196,82783,37300,19.540752410888672,42.52853775024414,0.31043878197669983,23.12516212463379,21.55718421936035,0.40156975388526917
Thu May  6 05:18:54 2021,2,149596,82783,37400,19.539173126220703,42.4493522644043,0.31047260761260986,12.039125442504883,3.8363399505615234,0.14849968254566193
Thu May  6 05:19:29 2021,2,149996,82783,37500,19.537723541259766,42.374778747558594,0.3105074465274811,22.40282440185547,12.691045761108398,0.3249535858631134
Thu May  6 05:20:03 2021,2,150396,82783,37600,19.536033630371094,42.294593811035156,0.31052833795547485,9.836861610412598,3.4816195964813232,0.11269938945770264
Thu May  6 05:20:37 2021,2,150796,82783,37700,19.53536605834961,42.21673583984375,0.3105801045894623,14.121721267700195,7.5479607582092285,0.36648839712142944
Thu May  6 05:21:11 2021,2,151196,82783,37800,19.53342056274414,42.13629913330078,0.3105958104133606,16.962749481201172,7.543745040893555,0.21103745698928833
Thu May  6 05:21:45 2021,2,151596,82783,37900,19.532194137573242,42.06367111206055,0.3106585144996643,26.33709716796875,23.847488403320312,0.5772391557693481
Thu May  6 05:22:19 2021,2,151996,82783,38000,19.52903175354004,41.985408782958984,0.310668021440506,25.278623580932617,24.132457733154297,0.5605862736701965
Thu May  6 05:22:53 2021,2,152396,82783,38100,19.527362823486328,41.9088020324707,0.3107207417488098,10.648356437683105,3.883291006088257,0.1318974792957306
Thu May  6 05:23:27 2021,2,152796,82783,38200,19.52507209777832,41.8392448425293,0.31073933839797974,19.04458999633789,13.795702934265137,0.5321964025497437
Thu May  6 05:24:01 2021,2,153196,82783,38300,19.523672103881836,41.772132873535156,0.3107759654521942,14.041081428527832,6.734877586364746,0.20064468681812286
Thu May  6 05:24:35 2021,2,153596,82783,38400,19.52226448059082,41.699066162109375,0.31081509590148926,23.076068878173828,25.63600730895996,0.5439029335975647
Thu May  6 05:25:09 2021,2,153996,82783,38500,19.519617080688477,41.62101745605469,0.3108441233634949,16.597740173339844,8.78847599029541,0.2069419026374817
Thu May  6 05:25:43 2021,2,154396,82783,38600,19.517080307006836,41.545631408691406,0.31089672446250916,24.39895248413086,21.220083236694336,0.5525238513946533
Thu May  6 05:26:17 2021,2,154796,82783,38700,19.513500213623047,41.46891784667969,0.310914009809494,12.657873153686523,3.665416717529297,0.13550688326358795
Thu May  6 05:26:51 2021,2,155196,82783,38800,19.511999130249023,41.39622116088867,0.3109895586967468,11.83650016784668,8.026823997497559,0.24442294239997864
Thu May  6 05:27:25 2021,2,155596,82783,38900,19.508697509765625,41.31791687011719,0.31101545691490173,15.579367637634277,14.235956192016602,0.5667620897293091
Thu May  6 05:27:59 2021,2,155996,82783,39000,19.506546020507812,41.243873596191406,0.3110731542110443,12.835732460021973,6.25115442276001,0.20265808701515198
Thu May  6 05:28:33 2021,2,156396,82783,39100,19.5039005279541,41.172237396240234,0.3110990822315216,35.43798065185547,60.94629669189453,0.45289725065231323
Thu May  6 05:29:07 2021,2,156796,82783,39200,19.501380920410156,41.101863861083984,0.3111344575881958,18.937549591064453,9.18056583404541,0.2132924497127533
Thu May  6 05:29:41 2021,2,157196,82783,39300,19.49909782409668,41.02838134765625,0.311174213886261,40.418758392333984,35.704071044921875,0.5019773244857788
Thu May  6 05:30:16 2021,2,157596,82783,39400,19.497270584106445,40.95270538330078,0.31121188402175903,20.006214141845703,9.031739234924316,0.28757479786872864
Thu May  6 05:30:49 2021,2,157996,82783,39500,19.49538803100586,40.87980651855469,0.31125637888908386,40.307342529296875,34.71187210083008,0.4939194917678833
Thu May  6 05:31:24 2021,2,158396,82783,39600,19.49237632751465,40.807899475097656,0.3112838864326477,14.730391502380371,6.904460906982422,0.24253597855567932
Thu May  6 05:31:58 2021,2,158796,82783,39700,19.49102783203125,40.81486129760742,0.3112838864326477,14.556243896484375,44.592288970947266,0.21085426211357117
Thu May  6 05:32:32 2021,2,159196,82783,39800,19.492218017578125,40.77953338623047,0.3112885057926178,31.189544677734375,20.251401901245117,0.4963998794555664
Thu May  6 05:33:06 2021,2,159596,82783,39900,19.49165153503418,40.715633392333984,0.31134364008903503,17.20407485961914,15.684646606445312,0.2879555821418762
Thu May  6 05:33:40 2021,2,159996,82783,40000,19.49003791809082,40.64467239379883,0.311369389295578,24.79897689819336,22.589893341064453,0.5269944071769714
Thu May  6 05:34:14 2021,2,160396,82783,40100,19.488096237182617,40.57197570800781,0.31139999628067017,14.568275451660156,6.766576766967773,0.22171606123447418
Thu May  6 05:34:48 2021,2,160796,82783,40200,19.486879348754883,40.500179290771484,0.3114483654499054,41.19514846801758,33.238250732421875,0.48457926511764526
Thu May  6 05:35:22 2021,2,161196,82783,40300,19.485015869140625,40.427494049072266,0.3114718794822693,12.945600509643555,6.535806179046631,0.19450025260448456
Thu May  6 05:35:56 2021,2,161596,82783,40400,19.484092712402344,40.358970642089844,0.31151828169822693,18.633113861083984,10.959896087646484,0.27950021624565125
Thu May  6 05:36:30 2021,2,161996,82783,40500,19.481340408325195,40.287166595458984,0.31154248118400574,15.431471824645996,3.4007632732391357,0.24237321317195892
Thu May  6 05:37:04 2021,2,162396,82783,40600,19.480510711669922,40.218204498291016,0.3116062879562378,39.265132904052734,33.401893615722656,0.4993862211704254
Thu May  6 05:37:38 2021,2,162796,82783,40700,19.477418899536133,40.148658752441406,0.31161171197891235,40.11158752441406,41.380088806152344,0.447826623916626
Thu May  6 05:38:12 2021,2,163196,82783,40800,19.475080490112305,40.07879638671875,0.31166815757751465,11.407419204711914,7.720265865325928,0.2160223126411438
Thu May  6 05:38:46 2021,2,163596,82783,40900,19.47224998474121,40.01091003417969,0.31169432401657104,18.889997482299805,10.243858337402344,0.5418283939361572
Thu May  6 05:39:20 2021,2,163996,82783,41000,19.471227645874023,39.946048736572266,0.3117327094078064,11.146021842956543,4.050389289855957,0.15975579619407654
Thu May  6 05:39:54 2021,2,164396,82783,41100,19.469369888305664,39.878116607666016,0.31177228689193726,17.893268585205078,8.263334274291992,0.5890846252441406
Thu May  6 05:40:28 2021,2,164796,82783,41200,19.46764373779297,39.81581115722656,0.311785489320755,19.04574966430664,11.086421012878418,0.33000537753105164
Thu May  6 05:41:02 2021,2,165196,82783,41300,19.467302322387695,39.757450103759766,0.3118239641189575,25.74987030029297,23.803247451782227,0.5034826993942261
Thu May  6 05:41:36 2021,3,165596,82783,41400,19.46872901916504,39.71104049682617,0.31182730197906494,12.806985855102539,3.344686985015869,0.13476020097732544
Thu May  6 05:42:10 2021,3,165996,82783,41500,19.470487594604492,39.67607879638672,0.3118639290332794,18.38275146484375,20.96259880065918,0.4863981008529663
Thu May  6 05:42:45 2021,3,166396,82783,41600,19.470006942749023,39.63209915161133,0.3118681013584137,16.922138214111328,64.54225158691406,0.3081435263156891
Thu May  6 05:43:18 2021,3,166796,82783,41700,19.472848892211914,39.593509674072266,0.3119170069694519,15.164915084838867,2.97775936126709,0.17053547501564026
Thu May  6 05:43:53 2021,3,167196,82783,41800,19.473941802978516,39.53047180175781,0.3119387924671173,19.762027740478516,12.703006744384766,0.26764732599258423
Thu May  6 05:44:26 2021,3,167596,82783,41900,19.475719451904297,39.46556854248047,0.3119896352291107,16.10342788696289,6.408161640167236,0.1897275298833847
Thu May  6 05:45:01 2021,3,167996,82783,42000,19.475858688354492,39.399532318115234,0.31203484535217285,28.1046142578125,18.59803009033203,0.4495130181312561
Thu May  6 05:45:35 2021,3,168396,82783,42100,19.474687576293945,39.33279800415039,0.31206634640693665,17.170692443847656,4.68461799621582,0.22916752099990845
Thu May  6 05:46:09 2021,3,168796,82783,42200,19.474061965942383,39.26665115356445,0.3121078610420227,28.028030395507812,15.822635650634766,0.4725959300994873
Thu May  6 05:46:43 2021,3,169196,82783,42300,19.473588943481445,39.199676513671875,0.3121447265148163,18.915931701660156,7.8681135177612305,0.29815417528152466
Thu May  6 05:47:17 2021,3,169596,82783,42400,19.473291397094727,39.138877868652344,0.3121951222419739,22.493988037109375,16.441741943359375,0.4269291162490845
Thu May  6 05:47:51 2021,3,169996,82783,42500,19.471689224243164,39.07350158691406,0.31220903992652893,23.507253646850586,20.406524658203125,0.44398263096809387
Thu May  6 05:48:25 2021,3,170396,82783,42600,19.47120475769043,39.01275634765625,0.3122609555721283,15.795433044433594,6.309788703918457,0.18835479021072388
Thu May  6 05:48:59 2021,3,170796,82783,42700,19.469741821289062,38.94947814941406,0.3122793138027191,34.51346969604492,54.90153503417969,0.44053030014038086
Thu May  6 05:49:33 2021,3,171196,82783,42800,19.469501495361328,38.88802719116211,0.3123248219490051,13.299734115600586,6.171603202819824,0.1632203459739685
Thu May  6 05:50:07 2021,3,171596,82783,42900,19.469528198242188,38.82586669921875,0.31236550211906433,21.576656341552734,16.258649826049805,0.4267272651195526
Thu May  6 05:50:41 2021,3,171996,82783,43000,19.468549728393555,38.76301956176758,0.3123936951160431,16.234474182128906,8.53454303741455,0.21113049983978271
Thu May  6 05:51:15 2021,3,172396,82783,43100,19.468320846557617,38.700225830078125,0.312435507774353,25.4064884185791,19.63688850402832,0.41221490502357483
Thu May  6 05:51:49 2021,3,172796,82783,43200,19.46709442138672,38.638648986816406,0.31245774030685425,17.72693634033203,10.69626235961914,0.27434176206588745
Thu May  6 05:52:23 2021,3,173196,82783,43300,19.46707534790039,38.58329772949219,0.31250298023223877,27.610443115234375,16.49934959411621,0.46214383840560913
Thu May  6 05:52:58 2021,3,173596,82783,43400,19.46551513671875,38.52372360229492,0.31251266598701477,20.65673065185547,8.622782707214355,0.5921429395675659
Thu May  6 05:53:31 2021,3,173996,82783,43500,19.465038299560547,38.46188735961914,0.31256648898124695,22.479618072509766,8.491373062133789,0.20193451642990112
Thu May  6 05:54:06 2021,3,174396,82783,43600,19.463600158691406,38.399314880371094,0.31259360909461975,32.95086669921875,26.702239990234375,0.709354817867279
Thu May  6 05:54:39 2021,3,174796,82783,43700,19.46190071105957,38.33623123168945,0.31263238191604614,15.657604217529297,8.155647277832031,0.20864053070545197
Thu May  6 05:55:13 2021,3,175196,82783,43800,19.459617614746094,38.27570343017578,0.31267207860946655,10.728434562683105,7.927193641662598,0.2344626486301422
Thu May  6 05:55:48 2021,3,175596,82783,43900,19.457429885864258,38.214820861816406,0.3126978278160095,11.793975830078125,3.133082628250122,0.2326059341430664
Thu May  6 05:56:22 2021,3,175996,82783,44000,19.45570945739746,38.15459442138672,0.31274107098579407,15.102359771728516,7.954473495483398,0.23364150524139404
Thu May  6 05:56:56 2021,3,176396,82783,44100,19.452152252197266,38.092742919921875,0.3127620816230774,12.895029067993164,3.0186386108398438,0.2635152041912079
Thu May  6 05:57:30 2021,3,176796,82783,44200,19.45108413696289,38.03434753417969,0.31282132863998413,16.388004302978516,13.3632173538208,0.6127380728721619
Thu May  6 05:58:04 2021,3,177196,82783,44300,19.44980239868164,37.98419952392578,0.31282734870910645,36.61377716064453,40.77850341796875,0.6911423206329346
Thu May  6 05:58:38 2021,3,177596,82783,44400,19.448793411254883,37.92793273925781,0.31286484003067017,12.463314056396484,4.320178985595703,0.22451439499855042
Thu May  6 05:59:12 2021,3,177996,82783,44500,19.44782066345215,37.881103515625,0.31287065148353577,20.36461067199707,22.789142608642578,0.43067657947540283
Thu May  6 05:59:46 2021,3,178396,82783,44600,19.44763946533203,37.837303161621094,0.3128986358642578,11.029244422912598,4.1716461181640625,0.13603147864341736
Thu May  6 06:00:20 2021,3,178796,82783,44700,19.447282791137695,37.8054313659668,0.3129103183746338,25.076702117919922,22.48017120361328,0.5555489659309387
Thu May  6 06:00:54 2021,3,179196,82783,44800,19.445371627807617,37.750301361083984,0.31292715668678284,13.314216613769531,10.124234199523926,0.1904589831829071
Thu May  6 06:01:28 2021,3,179596,82783,44900,19.444496154785156,37.69264602661133,0.3129746615886688,39.30122375488281,40.61109161376953,0.4890136420726776
Thu May  6 06:02:03 2021,3,179996,82783,45000,19.4414119720459,37.63922119140625,0.3129776120185852,12.017848014831543,4.73288631439209,0.1902001053094864
Thu May  6 06:02:36 2021,3,180396,82783,45100,19.441129684448242,37.58694076538086,0.31302207708358765,27.820831298828125,21.425840377807617,0.5518712997436523
Thu May  6 06:03:11 2021,3,180796,82783,45200,19.43784523010254,37.53028869628906,0.31302082538604736,18.044105529785156,8.391877174377441,0.3520353436470032
Thu May  6 06:03:45 2021,3,181196,82783,45300,19.436922073364258,37.47419357299805,0.3130670189857483,13.174225807189941,6.2744951248168945,0.22975152730941772
Thu May  6 06:04:19 2021,3,181596,82783,45400,19.43498992919922,37.415306091308594,0.3130893111228943,39.77806091308594,32.51189041137695,0.5180749297142029
Thu May  6 06:04:53 2021,3,181996,82783,45500,19.432249069213867,37.35749435424805,0.31311890482902527,17.119693756103516,4.814283847808838,0.21318191289901733
Thu May  6 06:05:27 2021,3,182396,82783,45600,19.42948341369629,37.29869079589844,0.3131556510925293,24.21160125732422,19.30562973022461,0.5708218812942505
Thu May  6 06:06:01 2021,3,182796,82783,45700,19.427082061767578,37.24185562133789,0.3131701350212097,11.205439567565918,6.358433246612549,0.17061848938465118
Thu May  6 06:06:35 2021,3,183196,82783,45800,19.42434310913086,37.184051513671875,0.3132117986679077,26.275470733642578,17.25380516052246,0.46954160928726196
Thu May  6 06:07:09 2021,3,183596,82783,45900,19.421398162841797,37.12908935546875,0.3132256269454956,16.214765548706055,7.31087589263916,0.21297743916511536
Thu May  6 06:07:43 2021,3,183996,82783,46000,19.41991424560547,37.07411193847656,0.31328409910202026,35.08170700073242,24.669967651367188,0.7294298410415649
Thu May  6 06:08:18 2021,3,184396,82783,46100,19.416719436645508,37.019901275634766,0.31328266859054565,16.274194717407227,8.718892097473145,0.4097890257835388
Thu May  6 06:08:51 2021,3,184796,82783,46200,19.41530990600586,36.9715461730957,0.31331777572631836,8.126254081726074,2.855255603790283,0.14147453010082245
Thu May  6 06:09:26 2021,3,185196,82783,46300,19.41274070739746,36.917903900146484,0.31332868337631226,39.767234802246094,31.73754119873047,0.4850015938282013
Thu May  6 06:10:00 2021,3,185596,82783,46400,19.410680770874023,36.86256790161133,0.31336545944213867,16.556198120117188,6.922173976898193,0.2060064822435379
Thu May  6 06:10:34 2021,3,185996,82783,46500,19.407699584960938,36.806331634521484,0.3133904039859772,27.425952911376953,15.421351432800293,0.46794217824935913
Thu May  6 06:11:08 2021,3,186396,82783,46600,19.405508041381836,36.752342224121094,0.31341812014579773,15.931244850158691,5.911472320556641,0.19369283318519592
Thu May  6 06:11:42 2021,3,186796,82783,46700,19.4029598236084,36.71834945678711,0.3134194016456604,23.890378952026367,81.2566146850586,0.3836821913719177
Thu May  6 06:12:16 2021,3,187196,82783,46800,19.401330947875977,37.02534866333008,0.31326431035995483,18.60894012451172,29.923961639404297,0.26270562410354614
Thu May  6 06:12:50 2021,3,187596,82783,46900,19.401567459106445,37.10921096801758,0.3131926357746124,16.69055938720703,26.129507064819336,0.2549143433570862
Thu May  6 06:13:24 2021,3,187996,82783,47000,19.402135848999023,37.133094787597656,0.31313279271125793,17.512897491455078,20.743085861206055,0.20011374354362488
Thu May  6 06:13:58 2021,3,188396,82783,47100,19.404766082763672,37.15525817871094,0.3131304383277893,12.770217895507812,16.2127685546875,0.16495543718338013
Thu May  6 06:14:33 2021,3,188796,82783,47200,19.405229568481445,37.14544677734375,0.3131101429462433,16.791629791259766,34.59070587158203,0.2948535680770874
Thu May  6 06:15:07 2021,3,189196,82783,47300,19.407630920410156,37.12630081176758,0.3131411671638489,19.249258041381836,14.787307739257812,0.20767012238502502
Thu May  6 06:15:41 2021,3,189596,82783,47400,19.4088077545166,37.099334716796875,0.3131713271141052,38.859764099121094,51.601402282714844,0.5126210451126099
Thu May  6 06:16:15 2021,3,189996,82783,47500,19.409412384033203,37.0651969909668,0.31320586800575256,14.884641647338867,12.259652137756348,0.1764030158519745
Thu May  6 06:16:49 2021,3,190396,82783,47600,19.410900115966797,37.02924346923828,0.3132629990577698,42.50068664550781,41.53105926513672,0.5102252960205078
Thu May  6 06:17:23 2021,3,190796,82783,47700,19.410280227661133,36.989662170410156,0.3132791519165039,10.745424270629883,6.50234317779541,0.1485593020915985
Thu May  6 06:17:57 2021,3,191196,82783,47800,19.412290573120117,36.9500732421875,0.31334418058395386,19.938735961914062,18.171464920043945,0.5335267782211304
Thu May  6 06:18:31 2021,3,191596,82783,47900,19.412460327148438,36.90559387207031,0.3133598566055298,12.406312942504883,16.62754249572754,0.21010464429855347
Thu May  6 06:19:05 2021,3,191996,82783,48000,19.413570404052734,36.86237716674805,0.31341978907585144,15.032002449035645,7.541786193847656,0.24145910143852234
Thu May  6 06:19:40 2021,3,192396,82783,48100,19.413639068603516,36.81546401977539,0.3134501278400421,18.188997268676758,15.539862632751465,0.3031599223613739
Thu May  6 06:20:14 2021,3,192796,82783,48200,19.414894104003906,36.76981735229492,0.3135054409503937,11.503843307495117,8.814133644104004,0.20061904191970825
Thu May  6 06:20:48 2021,3,193196,82783,48300,19.41511344909668,36.72213363647461,0.3135470151901245,26.53681755065918,21.65299415588379,0.4416409134864807
Thu May  6 06:21:22 2021,3,193596,82783,48400,19.414222717285156,36.673683166503906,0.3135753571987152,11.484354972839355,4.736769199371338,0.24065572023391724
Thu May  6 06:21:56 2021,3,193996,82783,48500,19.414424896240234,36.62588119506836,0.31362634897232056,33.33790588378906,29.40389633178711,0.6890360116958618
Thu May  6 06:22:30 2021,3,194396,82783,48600,19.413904190063477,36.575477600097656,0.31364506483078003,15.285837173461914,8.479728698730469,0.20128315687179565
Thu May  6 06:23:04 2021,3,194796,82783,48700,19.414836883544922,36.527099609375,0.31370702385902405,15.393843650817871,9.549957275390625,0.36821863055229187
Thu May  6 06:23:38 2021,3,195196,82783,48800,19.41410255432129,36.476837158203125,0.31372278928756714,44.52782440185547,35.90174102783203,0.5256428718566895
Thu May  6 06:24:12 2021,3,195596,82783,48900,19.414226531982422,36.4276008605957,0.31377506256103516,15.717708587646484,11.083654403686523,0.29247093200683594
Thu May  6 06:24:47 2021,3,195996,82783,49000,19.413022994995117,36.377586364746094,0.31380072236061096,23.789379119873047,16.668603897094727,0.45249292254447937
Thu May  6 06:25:21 2021,3,196396,82783,49100,19.412755966186523,36.32746505737305,0.3138411045074463,11.394546508789062,4.673212051391602,0.1198483407497406
Thu May  6 06:25:55 2021,3,196796,82783,49200,19.412168502807617,36.27779769897461,0.31388556957244873,12.4407958984375,8.092252731323242,0.4051908850669861
Thu May  6 06:26:29 2021,3,197196,82783,49300,19.412166595458984,36.227142333984375,0.31391605734825134,16.259510040283203,4.460796356201172,0.22592410445213318
Thu May  6 06:27:03 2021,3,197596,82783,49400,19.412494659423828,36.178707122802734,0.31395915150642395,29.672502517700195,16.181961059570312,0.4776526689529419
Thu May  6 06:27:38 2021,3,197996,82783,49500,19.410892486572266,36.12879943847656,0.31397590041160583,14.140458106994629,6.9155168533325195,0.20265787839889526
Thu May  6 06:28:12 2021,3,198396,82783,49600,19.410743713378906,36.080142974853516,0.31402987241744995,26.83126449584961,22.988449096679688,0.5440953373908997
Thu May  6 06:28:46 2021,3,198796,82783,49700,19.40965461730957,36.03010177612305,0.31404271721839905,38.579795837402344,29.061283111572266,0.48959875106811523
Thu May  6 06:29:20 2021,3,199196,82783,49800,19.409093856811523,35.979984283447266,0.314096063375473,12.2958984375,3.5269174575805664,0.2401176393032074
Thu May  6 06:29:54 2021,3,199596,82783,49900,19.407276153564453,35.92949676513672,0.31411638855934143,15.394447326660156,11.112995147705078,0.28816869854927063
Thu May  6 06:30:28 2021,3,199996,82783,50000,19.40635871887207,35.87937545776367,0.31415021419525146,12.325016021728516,5.21266508102417,0.20286080241203308
Thu May  6 06:31:02 2021,3,200396,82783,50100,19.405183792114258,35.82972717285156,0.31419235467910767,23.617036819458008,15.860759735107422,0.4396439492702484
Thu May  6 06:31:37 2021,3,200796,82783,50200,19.402990341186523,35.77933883666992,0.3142094612121582,13.69937515258789,4.868444442749023,0.20503276586532593
Thu May  6 06:32:11 2021,3,201196,82783,50300,19.40203094482422,35.73014831542969,0.31425362825393677,17.354511260986328,9.210573196411133,0.29128724336624146
Thu May  6 06:32:45 2021,3,201596,82783,50400,19.400726318359375,35.680545806884766,0.31427061557769775,14.443132400512695,6.467569828033447,0.20327121019363403
Thu May  6 06:33:19 2021,3,201996,82783,50500,19.39980697631836,35.632991790771484,0.31432583928108215,12.081207275390625,8.687435150146484,0.23374047875404358
Thu May  6 06:33:54 2021,3,202396,82783,50600,19.397830963134766,35.584014892578125,0.3143458962440491,32.55097198486328,28.700958251953125,0.7101401090621948
Thu May  6 06:34:27 2021,3,202796,82783,50700,19.396699905395508,35.53557205200195,0.31439271569252014,20.647232055664062,10.291549682617188,0.22607532143592834
Thu May  6 06:35:02 2021,3,203196,82783,50800,19.394649505615234,35.48737716674805,0.31441229581832886,22.768516540527344,24.75718879699707,0.5147007703781128
Thu May  6 06:35:36 2021,3,203596,82783,50900,19.39316177368164,35.43967819213867,0.3144517242908478,15.449538230895996,3.069121837615967,0.2251029908657074
Thu May  6 06:36:10 2021,3,203996,82783,51000,19.39158058166504,35.39131546020508,0.31448036432266235,23.174102783203125,14.213884353637695,0.4387848377227783
Thu May  6 06:36:44 2021,3,204396,82783,51100,19.389665603637695,35.34294891357422,0.3145115077495575,14.149245262145996,7.111863613128662,0.20818300545215607
Thu May  6 06:37:18 2021,3,204796,82783,51200,19.38826560974121,35.29581832885742,0.3145572543144226,24.394432067871094,17.717670440673828,0.5501946806907654
Thu May  6 06:37:53 2021,3,205196,82783,51300,19.38574981689453,35.2469367980957,0.31457123160362244,11.201519012451172,3.7712650299072266,0.14475534856319427
Thu May  6 06:38:27 2021,3,205596,82783,51400,19.38456916809082,35.20073699951172,0.31462424993515015,25.473814010620117,15.518462181091309,0.4568788707256317
Thu May  6 06:39:01 2021,3,205996,82783,51500,19.382375717163086,35.15230941772461,0.31463658809661865,37.42323303222656,34.48680114746094,0.48386797308921814
Thu May  6 06:39:35 2021,3,206396,82783,51600,19.380779266357422,35.10517883300781,0.31467923521995544,9.833547592163086,3.6007044315338135,0.14229224622249603
Thu May  6 06:40:09 2021,3,206796,82783,51700,19.378572463989258,35.05819320678711,0.3146979808807373,15.755343437194824,10.86535358428955,0.5630353689193726
Thu May  6 06:40:43 2021,3,207196,82783,51800,19.37712860107422,35.01148986816406,0.31473517417907715,13.72559928894043,6.391385555267334,0.2036917358636856
Thu May  6 06:41:17 2021,3,207596,82783,51900,19.375062942504883,34.96366500854492,0.31476864218711853,13.78382682800293,6.461902618408203,0.25051313638687134
Thu May  6 06:41:52 2021,3,207996,82783,52000,19.372726440429688,34.91645812988281,0.3147885799407959,10.056583404541016,4.242952346801758,0.12961392104625702
Thu May  6 06:42:26 2021,3,208396,82783,52100,19.370710372924805,34.87126541137695,0.3148246705532074,39.3447380065918,31.473411560058594,0.49039721488952637
Thu May  6 06:43:00 2021,3,208796,82783,52200,19.368349075317383,34.824310302734375,0.31484127044677734,10.616844177246094,3.186779737472534,0.23960334062576294
Thu May  6 06:43:34 2021,3,209196,82783,52300,19.366792678833008,34.77936553955078,0.31488779187202454,25.142044067382812,21.066133499145508,0.5409106016159058
Thu May  6 06:44:08 2021,3,209596,82783,52400,19.364364624023438,34.733211517333984,0.31490322947502136,35.72193145751953,31.597492218017578,0.7095147371292114
Thu May  6 06:44:42 2021,3,209996,82783,52500,19.362707138061523,34.68755340576172,0.3149414360523224,14.08241081237793,7.420902252197266,0.20270372927188873
Thu May  6 06:45:17 2021,3,210396,82783,52600,19.35951805114746,34.64131164550781,0.31496405601501465,18.485549926757812,8.17230224609375,0.6072013974189758
Thu May  6 06:45:51 2021,3,210796,82783,52700,19.357412338256836,34.5968017578125,0.3149931728839874,16.849863052368164,7.610367774963379,0.19791051745414734
Thu May  6 06:46:25 2021,3,211196,82783,52800,19.354223251342773,34.552608489990234,0.3150104582309723,34.58599090576172,48.68931198120117,0.49044692516326904
Thu May  6 06:46:59 2021,3,211596,82783,52900,19.351606369018555,34.507232666015625,0.3150433599948883,12.031257629394531,7.44027042388916,0.22840078175067902
Thu May  6 06:47:33 2021,3,211996,82783,53000,19.349069595336914,34.462127685546875,0.3150770962238312,34.394874572753906,23.57166290283203,0.7236899137496948
Thu May  6 06:48:08 2021,3,212396,82783,53100,19.346229553222656,34.41737365722656,0.31508660316467285,11.186748504638672,3.7162160873413086,0.1313829869031906
Thu May  6 06:48:42 2021,3,212796,82783,53200,19.345029830932617,34.37564468383789,0.31513044238090515,35.95604705810547,26.156118392944336,0.7605111598968506
Thu May  6 06:49:16 2021,3,213196,82783,53300,19.342784881591797,34.33415222167969,0.3151332437992096,38.96129608154297,40.25421905517578,0.49078473448753357
Thu May  6 06:49:50 2021,3,213596,82783,53400,19.34084129333496,34.29203796386719,0.3151715099811554,12.555584907531738,6.941287994384766,0.21918320655822754
Thu May  6 06:50:24 2021,3,213996,82783,53500,19.337984085083008,34.248897552490234,0.31519168615341187,35.876319885253906,24.448549270629883,0.7220615744590759
Thu May  6 06:50:59 2021,3,214396,82783,53600,19.335988998413086,34.20448303222656,0.31521907448768616,11.72735595703125,3.3381857872009277,0.11972033977508545
Thu May  6 06:51:33 2021,3,214796,82783,53700,19.33346939086914,34.1613883972168,0.31524479389190674,19.41037368774414,9.265728950500488,0.5865166187286377
Thu May  6 06:52:07 2021,3,215196,82783,53800,19.3309326171875,34.12007141113281,0.3152606785297394,11.014036178588867,6.944790363311768,0.17802083492279053
Thu May  6 06:52:41 2021,3,215596,82783,53900,19.329561233520508,34.0780143737793,0.31529709696769714,22.450483322143555,15.957686424255371,0.4048232436180115
Thu May  6 06:53:15 2021,3,215996,82783,54000,19.326589584350586,34.034088134765625,0.31530293822288513,9.216425895690918,3.013503313064575,0.25222986936569214
Thu May  6 06:53:49 2021,3,216396,82783,54100,19.324378967285156,33.99269485473633,0.31534290313720703,25.593856811523438,14.580730438232422,0.46573036909103394
Thu May  6 06:54:24 2021,3,216796,82783,54200,19.321514129638672,33.948856353759766,0.31535419821739197,33.573158264160156,24.11916732788086,0.7009166479110718
Thu May  6 06:54:58 2021,3,217196,82783,54300,19.31928825378418,33.905941009521484,0.31538739800453186,11.958297729492188,5.800746917724609,0.18715818226337433
Thu May  6 06:55:32 2021,3,217596,82783,54400,19.316373825073242,33.86309051513672,0.3154027760028839,22.889244079589844,15.113897323608398,0.4180665612220764
Thu May  6 06:56:06 2021,3,217996,82783,54500,19.313989639282227,33.82215881347656,0.3154207468032837,8.37306022644043,3.9209563732147217,0.10797308385372162
Thu May  6 06:56:40 2021,3,218396,82783,54600,19.311290740966797,33.78270721435547,0.3154350817203522,37.11559295654297,40.9214973449707,0.4826085865497589
Thu May  6 06:57:15 2021,3,218796,82783,54700,19.309171676635742,33.74275588989258,0.3154548108577728,9.5096435546875,2.822946310043335,0.26078251004219055
Thu May  6 06:57:49 2021,3,219196,82783,54800,19.307126998901367,33.70146942138672,0.31548818945884705,11.640198707580566,6.8154449462890625,0.2530308663845062
Thu May  6 06:58:23 2021,3,219596,82783,54900,19.303964614868164,33.65884017944336,0.31549546122550964,16.76117706298828,10.594758033752441,0.26888084411621094
Thu May  6 06:58:57 2021,3,219996,82783,55000,19.302593231201172,33.61790084838867,0.31553757190704346,15.578948974609375,7.733674049377441,0.25379398465156555
Thu May  6 06:59:32 2021,3,220396,82783,55100,19.299602508544922,33.57627487182617,0.31554099917411804,23.112136840820312,23.32099723815918,0.5281140208244324
Thu May  6 07:00:05 2021,3,220796,82783,55200,19.297849655151367,33.566627502441406,0.3155520260334015,11.523097038269043,56.08564376831055,0.23553383350372314
Thu May  6 07:00:40 2021,3,221196,82783,55300,19.298805236816406,33.6042366027832,0.3155231773853302,15.572360038757324,9.341479301452637,0.3826788067817688
Thu May  6 07:01:14 2021,3,221596,82783,55400,19.299800872802734,33.56991195678711,0.31556209921836853,14.112022399902344,4.4649658203125,0.13657966256141663
Thu May  6 07:01:48 2021,3,221996,82783,55500,19.29877281188965,33.529354095458984,0.31558674573898315,38.279788970947266,36.5282096862793,0.49085062742233276
Thu May  6 07:02:22 2021,3,222396,82783,55600,19.296905517578125,33.48752975463867,0.3156048655509949,15.58035659790039,4.982572078704834,0.22323071956634521
Thu May  6 07:02:56 2021,3,222796,82783,55700,19.295751571655273,33.44599151611328,0.31563928723335266,26.558536529541016,14.31938362121582,0.48177483677864075
Thu May  6 07:03:31 2021,3,223196,82783,55800,19.292747497558594,33.40386962890625,0.3156421184539795,11.291598320007324,3.4542171955108643,0.1365816742181778
Thu May  6 07:04:05 2021,3,223596,82783,55900,19.291030883789062,33.36326599121094,0.31568560004234314,23.98065948486328,14.07996940612793,0.44174134731292725
Thu May  6 07:04:39 2021,3,223996,82783,56000,19.288299560546875,33.320438385009766,0.315686970949173,15.107175827026367,10.209648132324219,0.2735177278518677
Thu May  6 07:05:13 2021,3,224396,82783,56100,19.287137985229492,33.279502868652344,0.31572818756103516,12.414894104003906,6.778482913970947,0.16731175780296326
Thu May  6 07:05:47 2021,3,224796,82783,56200,19.283750534057617,33.23828887939453,0.3157406151294708,12.322029113769531,8.368576049804688,0.2501439154148102
Thu May  6 07:06:22 2021,3,225196,82783,56300,19.281139373779297,33.198062896728516,0.31576207280158997,14.544498443603516,5.754931449890137,0.23417112231254578
Thu May  6 07:06:56 2021,3,225596,82783,56400,19.278614044189453,33.15769577026367,0.31578660011291504,23.90151596069336,20.11988639831543,0.5286897420883179
Thu May  6 07:07:30 2021,3,225996,82783,56500,19.27580451965332,33.11760330200195,0.31580281257629395,12.137834548950195,2.691282033920288,0.1396946907043457
Thu May  6 07:08:04 2021,3,226396,82783,56600,19.273855209350586,33.07865905761719,0.3158358037471771,14.255319595336914,7.149213790893555,0.38049787282943726
Thu May  6 07:08:39 2021,3,226796,82783,56700,19.270477294921875,33.039085388183594,0.31583940982818604,14.93773078918457,9.094975471496582,0.22043833136558533
Thu May  6 07:09:12 2021,3,227196,82783,56800,19.269329071044922,33.00130081176758,0.3158818483352661,23.5029296875,14.843138694763184,0.4391624331474304
Thu May  6 07:09:47 2021,3,227596,82783,56900,19.266904830932617,32.961307525634766,0.3158879578113556,34.85327911376953,26.86808204650879,0.7295451760292053
Thu May  6 07:10:21 2021,3,227996,82783,57000,19.265050888061523,32.92268753051758,0.31592047214508057,13.280521392822266,2.794589042663574,0.2683177590370178
Thu May  6 07:10:55 2021,3,228396,82783,57100,19.262407302856445,32.883724212646484,0.315930038690567,16.191852569580078,11.293728828430176,0.27637606859207153
Thu May  6 07:11:29 2021,3,228796,82783,57200,19.25980567932129,32.84524154663086,0.31595343351364136,14.383132934570312,3.706557273864746,0.17476032674312592
Thu May  6 07:12:03 2021,3,229196,82783,57300,19.25707244873047,32.80732345581055,0.3159736692905426,17.08538055419922,9.413642883300781,0.26251745223999023
Thu May  6 07:12:38 2021,3,229596,82783,57400,19.254337310791016,32.76936721801758,0.31598809361457825,13.18607234954834,8.784879684448242,0.21474671363830566
Thu May  6 07:13:12 2021,3,229996,82783,57500,19.252790451049805,32.73455810546875,0.3160153329372406,34.068275451660156,25.95956039428711,0.7118987441062927
Thu May  6 07:13:46 2021,3,230396,82783,57600,19.249780654907227,32.698211669921875,0.3160145878791809,15.770286560058594,8.572239875793457,0.2121254801750183
Thu May  6 07:14:20 2021,3,230796,82783,57700,19.248628616333008,32.66451644897461,0.31605035066604614,24.291488647460938,15.69063663482666,0.44025135040283203
Thu May  6 07:14:54 2021,3,231196,82783,57800,19.245954513549805,32.627628326416016,0.31604647636413574,15.046493530273438,11.214544296264648,0.262881875038147
Thu May  6 07:15:28 2021,3,231596,82783,57900,19.244707107543945,32.59109115600586,0.3160788118839264,10.906002044677734,3.9072704315185547,0.10950776934623718
Thu May  6 07:16:03 2021,3,231996,82783,58000,19.242427825927734,32.55244064331055,0.31609177589416504,16.491071701049805,7.323834419250488,0.4123889207839966
Thu May  6 07:16:37 2021,3,232396,82783,58100,19.239974975585938,32.513912200927734,0.31611791253089905,15.4634370803833,10.471396446228027,0.20364397764205933
Thu May  6 07:17:11 2021,3,232796,82783,58200,19.237728118896484,32.47663879394531,0.31614038348197937,39.71895980834961,32.307647705078125,0.47870850563049316
Thu May  6 07:17:45 2021,3,233196,82783,58300,19.234846115112305,32.43953323364258,0.3161574900150299,16.25234603881836,8.508700370788574,0.2811461091041565
Thu May  6 07:18:19 2021,3,233596,82783,58400,19.232511520385742,32.40528869628906,0.31617555022239685,23.943286895751953,21.36008071899414,0.5572466850280762
Thu May  6 07:18:53 2021,3,233996,82783,58500,19.230907440185547,32.36931228637695,0.31618645787239075,11.49448013305664,3.4513254165649414,0.1463155746459961
Thu May  6 07:19:27 2021,3,234396,82783,58600,19.229793548583984,32.34031677246094,0.316215842962265,14.001806259155273,14.660993576049805,0.27080729603767395
Thu May  6 07:20:02 2021,3,234796,82783,58700,19.22769546508789,32.30626678466797,0.3162074685096741,15.04490852355957,8.407069206237793,0.25487107038497925
Thu May  6 07:20:35 2021,3,235196,82783,58800,19.226482391357422,32.272926330566406,0.3162347078323364,11.605655670166016,3.099749803543091,0.17382147908210754
Thu May  6 07:21:10 2021,3,235596,82783,58900,19.224803924560547,32.23695755004883,0.316251665353775,25.708600997924805,16.784454345703125,0.4400525689125061
Thu May  6 07:21:44 2021,3,235996,82783,59000,19.222015380859375,32.19966506958008,0.3162716329097748,8.521363258361816,4.033586502075195,0.11136770248413086
Thu May  6 07:22:18 2021,3,236396,82783,59100,19.219589233398438,32.16278076171875,0.3162928819656372,12.236631393432617,6.088082790374756,0.4119355082511902
Thu May  6 07:22:53 2021,3,236796,82783,59200,19.217424392700195,32.12770080566406,0.3163078725337982,16.904582977294922,9.22741413116455,0.2769777476787567
Thu May  6 07:23:27 2021,3,237196,82783,59300,19.216217041015625,32.09309387207031,0.31633418798446655,34.46636962890625,27.831283569335938,0.7419885993003845
Thu May  6 07:24:01 2021,3,237596,82783,59400,19.21388816833496,32.05790328979492,0.3163396418094635,7.027907371520996,4.048235893249512,0.09404163807630539
Thu May  6 07:24:35 2021,3,237996,82783,59500,19.212753295898438,32.02384948730469,0.3163769841194153,18.91150665283203,11.458453178405762,0.2667732238769531
Thu May  6 07:25:09 2021,3,238396,82783,59600,19.209331512451172,31.98764991760254,0.3163723051548004,10.734100341796875,9.240409851074219,0.21563315391540527
Thu May  6 07:25:43 2021,3,238796,82783,59700,19.20763397216797,31.962800979614258,0.31640318036079407,15.053333282470703,4.587033271789551,0.12676769495010376
Thu May  6 07:26:17 2021,3,239196,82783,59800,19.205608367919922,31.941638946533203,0.31639787554740906,13.854095458984375,16.372514724731445,0.2762266993522644
Thu May  6 07:26:52 2021,3,239596,82783,59900,19.204010009765625,31.910743713378906,0.31641703844070435,17.127418518066406,9.27073860168457,0.20985466241836548
Thu May  6 07:27:26 2021,3,239996,82783,60000,19.201780319213867,31.875003814697266,0.31643784046173096,43.47542953491211,32.53968048095703,0.49451252818107605
Thu May  6 07:28:00 2021,3,240396,82783,60100,19.19926643371582,31.84027099609375,0.3164476156234741,15.0401611328125,5.6712565422058105,0.2226732075214386
Thu May  6 07:28:34 2021,3,240796,82783,60200,19.197824478149414,31.80585479736328,0.3164713978767395,15.293883323669434,7.699639320373535,0.23426903784275055
Thu May  6 07:29:09 2021,3,241196,82783,60300,19.194921493530273,31.770524978637695,0.3164779245853424,12.740781784057617,6.933653831481934,0.19923070073127747
Thu May  6 07:29:42 2021,3,241596,82783,60400,19.1934871673584,31.73911476135254,0.31650805473327637,27.461551666259766,14.819265365600586,0.4745333790779114
Thu May  6 07:30:17 2021,3,241996,82783,60500,19.1904354095459,31.70465850830078,0.31650659441947937,23.77764892578125,21.876142501831055,0.5294162034988403
Thu May  6 07:30:51 2021,3,242396,82783,60600,19.188949584960938,31.670215606689453,0.3165368139743805,17.917957305908203,7.792352676391602,0.28732600808143616
Thu May  6 07:31:25 2021,3,242796,82783,60700,19.185760498046875,31.634384155273438,0.3165404498577118,16.582693099975586,6.05813455581665,0.40912681818008423
Thu May  6 07:31:59 2021,3,243196,82783,60800,19.184179306030273,31.599390029907227,0.3165628910064697,11.891119003295898,2.893589973449707,0.16074258089065552
Thu May  6 07:32:33 2021,3,243596,82783,60900,19.181217193603516,31.564498901367188,0.3165740370750427,15.222997665405273,10.757978439331055,0.5222805738449097
Thu May  6 07:33:08 2021,3,243996,82783,61000,19.17856216430664,31.53321647644043,0.31657978892326355,15.880313873291016,8.221912384033203,0.1900966614484787
Thu May  6 07:33:42 2021,3,244396,82783,61100,19.17658042907715,31.500085830688477,0.31660664081573486,40.25906753540039,31.100250244140625,0.4876147508621216
Thu May  6 07:34:16 2021,3,244796,82783,61200,19.17400360107422,31.465347290039062,0.3166080117225647,13.036489486694336,5.879912376403809,0.22123821079730988
Thu May  6 07:34:50 2021,3,245196,82783,61300,19.172473907470703,31.434865951538086,0.31664571166038513,24.149463653564453,29.28019905090332,0.5446860790252686
Thu May  6 07:35:25 2021,3,245596,82783,61400,19.17018699645996,31.402790069580078,0.31664586067199707,22.841333389282227,20.036561965942383,0.4377504587173462
Thu May  6 07:35:59 2021,3,245996,82783,61500,19.170066833496094,31.383010864257812,0.3166659474372864,9.787050247192383,3.441502809524536,0.16959422826766968
Thu May  6 07:36:33 2021,3,246396,82783,61600,19.167692184448242,31.438304901123047,0.3166036307811737,14.150864601135254,12.820880889892578,0.22161376476287842
Thu May  6 07:37:07 2021,3,246796,82783,61700,19.167985916137695,31.41636848449707,0.3166166841983795,8.681198120117188,3.817331075668335,0.13798609375953674
Thu May  6 07:37:41 2021,3,247196,82783,61800,19.167051315307617,31.38389015197754,0.31663569808006287,18.38888168334961,8.505754470825195,0.5744595527648926
Thu May  6 07:38:15 2021,3,247596,82783,61900,19.165666580200195,31.350805282592773,0.31664973497390747,10.474808692932129,3.60217547416687,0.11368490755558014
Thu May  6 07:38:49 2021,3,247996,82783,62000,19.165040969848633,31.319538116455078,0.316678911447525,16.42377471923828,6.822831153869629,0.3961786925792694
