Wed May  5 17:01:23 2021,1,396,82783,100,18.631179809570312,202.1825408935547,0.16111406683921814,19.2210693359375,52.87464904785156,0.18865329027175903
Wed May  5 17:02:05 2021,1,796,82783,200,20.346702575683594,178.1801300048828,0.23134858906269073,20.79059600830078,327.22235107421875,0.3545392155647278
Wed May  5 17:02:47 2021,1,1196,82783,300,21.37213706970215,164.91769409179688,0.2765826880931854,25.75984764099121,163.87548828125,0.3557998538017273
Wed May  5 17:03:28 2021,1,1596,82783,400,21.72723388671875,159.8746795654297,0.29893484711647034,20.300472259521484,69.67269897460938,0.3705081045627594
Wed May  5 17:04:10 2021,1,1996,82783,500,22.127788543701172,153.26158142089844,0.3219703137874603,23.861024856567383,83.6373291015625,0.38983044028282166
Wed May  5 17:04:52 2021,1,2396,82783,600,22.413150787353516,149.32888793945312,0.3376019597053528,22.72480010986328,279.8809509277344,0.4062020778656006
Wed May  5 17:05:33 2021,1,2796,82783,700,22.608858108520508,145.1606903076172,0.3517347276210785,26.18264389038086,78.11132049560547,0.43027955293655396
Wed May  5 17:06:15 2021,1,3196,82783,800,22.80348014831543,142.16087341308594,0.36185553669929504,25.03084945678711,80.243896484375,0.4759920537471771
Wed May  5 17:06:57 2021,1,3596,82783,900,23.01548194885254,139.28440856933594,0.3719159662723541,27.37677764892578,83.71691131591797,0.5078555345535278
Wed May  5 17:07:39 2021,1,3996,82783,1000,23.109725952148438,138.08892822265625,0.37685850262641907,26.72291374206543,65.1827621459961,0.4593544602394104
Wed May  5 17:08:21 2021,1,4396,82783,1100,23.149147033691406,137.54185485839844,0.38015368580818176,23.749950408935547,275.9118957519531,0.4353196620941162
Wed May  5 17:09:02 2021,1,4796,82783,1200,23.265642166137695,136.01336669921875,0.3846072852611542,21.8765811920166,114.3055191040039,0.422835111618042
Wed May  5 17:09:44 2021,1,5196,82783,1300,23.335481643676758,134.39796447753906,0.38889387249946594,22.974716186523438,52.455631256103516,0.4416496753692627
Wed May  5 17:10:25 2021,1,5596,82783,1400,23.430809020996094,132.88150024414062,0.39297646284103394,25.47890281677246,70.80756378173828,0.4559977054595947
Wed May  5 17:11:07 2021,1,5996,82783,1500,23.47161865234375,131.69920349121094,0.3962607681751251,23.753597259521484,242.89163208007812,0.48525893688201904
Wed May  5 17:11:49 2021,1,6396,82783,1600,23.49945831298828,130.49560546875,0.3984082043170929,24.05495262145996,67.26380920410156,0.4039534032344818
Wed May  5 17:12:30 2021,1,6796,82783,1700,23.557451248168945,128.38340759277344,0.40018001198768616,17.495349884033203,23.154863357543945,0.30901628732681274
Wed May  5 17:13:11 2021,1,7196,82783,1800,23.61043930053711,125.98857116699219,0.4020968973636627,16.722795486450195,48.205142974853516,0.3687325417995453
Wed May  5 17:13:52 2021,1,7596,82783,1900,23.6042537689209,125.26264953613281,0.40218180418014526,18.12552833557129,28.153154373168945,0.2844359874725342
Wed May  5 17:14:33 2021,1,7996,82783,2000,23.690359115600586,123.5126953125,0.4034979045391083,29.503707885742188,197.4596405029297,0.5801997780799866
Wed May  5 17:15:14 2021,1,8396,82783,2100,23.737483978271484,121.8475112915039,0.4048699736595154,30.012786865234375,90.72303771972656,0.47139623761177063
Wed May  5 17:15:55 2021,1,8796,82783,2200,23.78173065185547,120.1531982421875,0.40657564997673035,24.622295379638672,52.43291091918945,0.46835795044898987
Wed May  5 17:16:36 2021,1,9196,82783,2300,23.829914093017578,118.53178405761719,0.4081483483314514,32.889827728271484,56.598426818847656,0.5214054584503174
Wed May  5 17:17:15 2021,1,9596,82783,2400,23.876684188842773,116.95278930664062,0.40971776843070984,28.859445571899414,182.13272094726562,0.509797215461731
Wed May  5 17:17:54 2021,1,9996,82783,2500,23.89927101135254,115.61109924316406,0.4108211398124695,18.767318725585938,48.51097106933594,0.3846757113933563
Wed May  5 17:18:34 2021,1,10396,82783,2600,23.918943405151367,113.99895477294922,0.4119611084461212,14.009469985961914,22.482912063598633,0.18850848078727722
Wed May  5 17:19:13 2021,1,10796,82783,2700,23.95057487487793,112.82076263427734,0.4124239981174469,15.71339225769043,52.13273239135742,0.2986264228820801
Wed May  5 17:19:52 2021,1,11196,82783,2800,23.97804069519043,111.4303970336914,0.4131675064563751,18.88434410095215,23.382816314697266,0.35128316283226013
Wed May  5 17:20:32 2021,1,11596,82783,2900,24.037517547607422,109.5856704711914,0.41453030705451965,41.14564895629883,115.37446594238281,0.577540397644043
Wed May  5 17:21:11 2021,1,11996,82783,3000,24.084909439086914,107.72225189208984,0.4157182574272156,31.00335121154785,79.62557220458984,0.5993974804878235
Wed May  5 17:21:51 2021,1,12396,82783,3100,24.115921020507812,106.35717010498047,0.41637876629829407,26.523954391479492,40.7552490234375,0.3672086000442505
Wed May  5 17:22:31 2021,1,12796,82783,3200,24.16545295715332,104.35875701904297,0.4175512194633484,25.706445693969727,39.64146041870117,0.5399981737136841
Wed May  5 17:23:10 2021,1,13196,82783,3300,24.211288452148438,102.48004150390625,0.41844674944877625,34.714019775390625,65.16825103759766,0.6555975675582886
Wed May  5 17:23:50 2021,1,13596,82783,3400,24.216659545898438,102.05187225341797,0.41773176193237305,18.733123779296875,105.76303100585938,0.276024729013443
Wed May  5 17:24:28 2021,1,13996,82783,3500,24.2200984954834,101.6824951171875,0.4175415635108948,16.268592834472656,21.197973251342773,0.27253708243370056
Wed May  5 17:25:08 2021,1,14396,82783,3600,24.235916137695312,101.24495697021484,0.41733214259147644,27.268884658813477,49.32530975341797,0.3529186248779297
Wed May  5 17:25:47 2021,1,14796,82783,3700,24.256717681884766,100.4858627319336,0.41730785369873047,16.842262268066406,27.907615661621094,0.31454193592071533
Wed May  5 17:26:26 2021,1,15196,82783,3800,24.287395477294922,99.31578826904297,0.4178951382637024,38.640159606933594,89.85649108886719,0.5050259828567505
Wed May  5 17:27:06 2021,1,15596,82783,3900,24.330564498901367,97.67867279052734,0.4189438819885254,32.71299743652344,27.579666137695312,0.4838378429412842
Wed May  5 17:27:46 2021,1,15996,82783,4000,24.382863998413086,96.01570129394531,0.4200277328491211,26.322383880615234,32.60897445678711,0.47355955839157104
Wed May  5 17:28:25 2021,1,16396,82783,4100,24.436603546142578,94.46659088134766,0.4209999442100525,30.10512924194336,33.464942932128906,0.5688833594322205
Wed May  5 17:29:05 2021,1,16796,82783,4200,24.480928421020508,93.11178588867188,0.42186063528060913,35.1041259765625,56.229957580566406,0.6794853210449219
Wed May  5 17:29:44 2021,1,17196,82783,4300,24.509681701660156,91.66448974609375,0.42283737659454346,20.298686981201172,14.504596710205078,0.6387462615966797
Wed May  5 17:30:23 2021,1,17596,82783,4400,24.54924774169922,90.21712493896484,0.42369434237480164,14.1254243850708,12.16142463684082,0.22281906008720398
Wed May  5 17:31:02 2021,1,17996,82783,4500,24.583358764648438,88.90055084228516,0.4244180917739868,18.733713150024414,20.700057983398438,0.27474677562713623
Wed May  5 17:31:40 2021,1,18396,82783,4600,24.612844467163086,87.72045135498047,0.42492836713790894,16.27936553955078,12.928264617919922,0.34649136662483215
Wed May  5 17:32:19 2021,1,18796,82783,4700,24.649700164794922,86.51351928710938,0.4256628453731537,36.830562591552734,68.1658935546875,0.4634484648704529
Wed May  5 17:32:58 2021,1,19196,82783,4800,24.682050704956055,85.29051208496094,0.42643457651138306,34.2369384765625,27.822044372558594,0.5134851932525635
Wed May  5 17:33:37 2021,1,19596,82783,4900,24.71070671081543,84.09326171875,0.427168071269989,24.336402893066406,29.554763793945312,0.4285908639431
Wed May  5 17:34:16 2021,1,19996,82783,5000,24.735942840576172,82.97599029541016,0.4278703033924103,24.892948150634766,33.19721603393555,0.5642310380935669
Wed May  5 17:34:56 2021,1,20396,82783,5100,24.74578094482422,82.57051086425781,0.4279780387878418,32.05791473388672,168.70474243164062,0.5506096482276917
Wed May  5 17:35:34 2021,1,20796,82783,5200,24.737140655517578,82.58676147460938,0.42748013138771057,19.721954345703125,33.044342041015625,0.5130774974822998
Wed May  5 17:36:14 2021,1,21196,82783,5300,24.732925415039062,82.29714965820312,0.42728954553604126,19.285348892211914,17.291913986206055,0.2677050828933716
Wed May  5 17:36:53 2021,1,21596,82783,5400,24.745634078979492,81.54757690429688,0.427701860666275,22.392032623291016,25.863075256347656,0.3266957998275757
Wed May  5 17:37:33 2021,1,21996,82783,5500,24.76922035217285,80.58329772949219,0.4283411502838135,15.08920955657959,10.533845901489258,0.3556031882762909
Wed May  5 17:38:12 2021,1,22396,82783,5600,24.788700103759766,79.62030792236328,0.42894667387008667,40.877864837646484,53.00395202636719,0.5136350393295288
Wed May  5 17:38:52 2021,1,22796,82783,5700,24.81379508972168,78.65641021728516,0.42958977818489075,30.7963809967041,18.83370018005371,0.4886864721775055
Wed May  5 17:39:31 2021,1,23196,82783,5800,24.836780548095703,77.74111938476562,0.4301556646823883,25.55361557006836,26.766292572021484,0.44979697465896606
Wed May  5 17:40:10 2021,1,23596,82783,5900,24.8527889251709,76.86278533935547,0.43068230152130127,27.155658721923828,31.33709144592285,0.5518678426742554
Wed May  5 17:40:50 2021,1,23996,82783,6000,24.82292938232422,79.5661849975586,0.4288376271724701,15.317971229553223,507.2198791503906,0.09060774743556976
Wed May  5 17:41:29 2021,1,24396,82783,6100,24.723114013671875,81.47100067138672,0.42417603731155396,21.747142791748047,99.95125579833984,0.1792994737625122
Wed May  5 17:42:09 2021,1,24796,82783,6200,24.650238037109375,82.86079406738281,0.42066726088523865,19.950664520263672,47.69196319580078,0.24162423610687256
Wed May  5 17:42:48 2021,1,25196,82783,6300,24.58414649963379,83.94520568847656,0.4180261194705963,16.03095245361328,63.18556213378906,0.2571500539779663
Wed May  5 17:43:27 2021,1,25596,82783,6400,24.532331466674805,84.82371520996094,0.4159163236618042,16.636449813842773,42.843570709228516,0.18959547579288483
Wed May  5 17:44:06 2021,1,25996,82783,6500,24.488908767700195,85.58515167236328,0.4140912592411041,22.732200622558594,302.0289611816406,0.35238659381866455
Wed May  5 17:44:45 2021,1,26396,82783,6600,24.45947265625,86.06744384765625,0.4128451645374298,27.29186248779297,85.88114929199219,0.4577186703681946
Wed May  5 17:45:24 2021,1,26796,82783,6700,24.427921295166016,86.50239562988281,0.41177746653556824,23.079238891601562,75.30652618408203,0.3945024311542511
Wed May  5 17:46:04 2021,1,27196,82783,6800,24.41077423095703,86.78300476074219,0.4111877381801605,26.079423904418945,80.11289978027344,0.5069409608840942
Wed May  5 17:46:43 2021,1,27596,82783,6900,24.389482498168945,87.10802459716797,0.41083043813705444,23.257789611816406,296.8807373046875,0.3640102744102478
Wed May  5 17:47:22 2021,1,27996,82783,7000,24.37313461303711,87.41012573242188,0.4102744162082672,21.05232048034668,58.975868225097656,0.38826391100883484
Wed May  5 17:48:01 2021,1,28396,82783,7100,24.35796356201172,87.49578094482422,0.41038408875465393,12.780355453491211,19.348102569580078,0.26776450872421265
Wed May  5 17:48:40 2021,1,28796,82783,7200,24.356979370117188,87.5161361694336,0.410726934671402,22.27629852294922,44.732177734375,0.25550025701522827
Wed May  5 17:49:20 2021,1,29196,82783,7300,24.35540199279785,87.40454864501953,0.41114628314971924,15.10957145690918,27.830059051513672,0.2668660879135132
Wed May  5 17:50:00 2021,1,29596,82783,7400,24.354061126708984,87.30720520019531,0.4116176664829254,27.391075134277344,248.8934326171875,0.4765963554382324
Wed May  5 17:50:40 2021,1,29996,82783,7500,24.35332489013672,87.25367736816406,0.4119007885456085,27.611572265625,75.28992462158203,0.4932861328125
Wed May  5 17:51:18 2021,1,30396,82783,7600,24.352304458618164,87.06932830810547,0.4122959077358246,22.188678741455078,52.6180534362793,0.4287976026535034
Wed May  5 17:51:57 2021,1,30796,82783,7700,24.36384391784668,86.80733489990234,0.4127837121486664,29.395639419555664,57.14036178588867,0.5103236436843872
Wed May  5 17:52:37 2021,1,31196,82783,7800,24.371397018432617,86.5998764038086,0.41314855217933655,28.065017700195312,150.46505737304688,0.5613027811050415
Wed May  5 17:53:17 2021,1,31596,82783,7900,24.379886627197266,86.38119506835938,0.41345369815826416,26.407617568969727,30.200199127197266,0.5959709882736206
Wed May  5 17:53:57 2021,1,31996,82783,8000,24.386075973510742,86.12202453613281,0.41386598348617554,18.940616607666016,18.37347412109375,0.21522322297096252
Wed May  5 17:54:36 2021,1,32396,82783,8100,24.39691734313965,85.80225372314453,0.41425657272338867,20.53384017944336,26.510761260986328,0.28045713901519775
Wed May  5 17:55:15 2021,1,32796,82783,8200,24.409833908081055,85.40828704833984,0.4147879481315613,18.771793365478516,17.966894149780273,0.4087698459625244
Wed May  5 17:55:54 2021,1,33196,82783,8300,24.42813491821289,85.00704956054688,0.415359228849411,39.34429931640625,123.86141967773438,0.5627462863922119
Wed May  5 17:56:32 2021,1,33596,82783,8400,24.441877365112305,84.6699447631836,0.41575726866722107,35.35671615600586,55.62677001953125,0.4498400092124939
Wed May  5 17:57:12 2021,1,33996,82783,8500,24.461349487304688,84.21733093261719,0.416314035654068,27.35434913635254,41.18471908569336,0.446126252412796
Wed May  5 17:57:51 2021,1,34396,82783,8600,24.47460174560547,83.89984893798828,0.4167177081108093,29.343711853027344,45.52045822143555,0.5330190658569336
Wed May  5 17:58:30 2021,1,34796,82783,8700,24.49778175354004,83.44742584228516,0.4172822833061218,32.63500213623047,78.52007293701172,0.6927267909049988
Wed May  5 17:59:09 2021,1,35196,82783,8800,24.514652252197266,83.07273864746094,0.41769659519195557,19.729759216308594,26.190277099609375,0.5704436302185059
Wed May  5 17:59:48 2021,1,35596,82783,8900,24.534685134887695,82.60379028320312,0.41822826862335205,20.214038848876953,14.67617416381836,0.26556965708732605
Wed May  5 18:00:28 2021,1,35996,82783,9000,24.558412551879883,82.11654663085938,0.4187553822994232,24.78060531616211,18.406373977661133,0.2808675765991211
Wed May  5 18:01:07 2021,1,36396,82783,9100,24.576562881469727,81.63311767578125,0.4192905128002167,19.878726959228516,14.551630973815918,0.37742680311203003
Wed May  5 18:01:47 2021,1,36796,82783,9200,24.593936920166016,81.27932739257812,0.41965609788894653,43.557254791259766,96.5932846069336,0.5219051241874695
Wed May  5 18:02:26 2021,1,37196,82783,9300,24.614221572875977,80.84781646728516,0.4200836420059204,33.870567321777344,25.906105041503906,0.4966912865638733
Wed May  5 18:03:06 2021,1,37596,82783,9400,24.637123107910156,80.36792755126953,0.42058229446411133,27.176759719848633,37.53842544555664,0.3920426070690155
Wed May  5 18:03:45 2021,1,37996,82783,9500,24.660390853881836,79.91512298583984,0.42105400562286377,28.664140701293945,40.39464569091797,0.5757474899291992
Wed May  5 18:04:24 2021,1,38396,82783,9600,24.6761474609375,79.60059356689453,0.4213525354862213,24.38739585876465,166.140625,0.572506844997406
Wed May  5 18:05:04 2021,1,38796,82783,9700,24.68419075012207,79.41683197021484,0.42137545347213745,22.049625396728516,24.60342025756836,0.6380971670150757
Wed May  5 18:05:44 2021,1,39196,82783,9800,24.706951141357422,78.95230865478516,0.4218367338180542,14.40992546081543,13.194461822509766,0.22523996233940125
Wed May  5 18:06:22 2021,1,39596,82783,9900,24.724288940429688,78.52324676513672,0.4222205579280853,18.222450256347656,20.4984073638916,0.27556362748146057
Wed May  5 18:07:02 2021,1,39996,82783,10000,24.741830825805664,78.14114379882812,0.42247459292411804,17.18118667602539,14.433980941772461,0.4256099462509155
Wed May  5 18:07:41 2021,1,40396,82783,10100,24.761133193969727,77.69188690185547,0.4229205846786499,44.78190994262695,72.839599609375,0.5114237666130066
Wed May  5 18:08:21 2021,1,40796,82783,10200,24.777494430541992,77.26428985595703,0.42330700159072876,33.16687774658203,28.588449478149414,0.5121846795082092
Wed May  5 18:09:00 2021,1,41196,82783,10300,24.794395446777344,76.83479309082031,0.42364707589149475,25.04015350341797,32.65563201904297,0.434503436088562
Wed May  5 18:09:40 2021,1,41596,82783,10400,24.818599700927734,76.37195587158203,0.42408084869384766,33.216487884521484,30.877033233642578,0.574131965637207
Wed May  5 18:10:19 2021,1,41996,82783,10500,24.838932037353516,75.93694305419922,0.42447465658187866,38.48195266723633,46.38671112060547,0.7080161571502686
Wed May  5 18:10:59 2021,1,42396,82783,10600,24.860424041748047,75.50025177001953,0.42488566040992737,24.659408569335938,13.638501167297363,0.5958430767059326
Wed May  5 18:11:39 2021,1,42796,82783,10700,24.876598358154297,75.07460021972656,0.4252220094203949,15.809222221374512,12.218620300292969,0.22496724128723145
Wed May  5 18:12:19 2021,1,43196,82783,10800,24.894527435302734,74.65982818603516,0.4255545139312744,22.574256896972656,16.756343841552734,0.26457923650741577
Wed May  5 18:12:59 2021,1,43596,82783,10900,24.90743637084961,74.2901840209961,0.4258018434047699,20.330585479736328,14.41363525390625,0.4615895748138428
Wed May  5 18:13:37 2021,1,43996,82783,11000,24.92699432373047,73.92009735107422,0.4260750114917755,42.351314544677734,65.29547119140625,0.5087764263153076
Wed May  5 18:14:17 2021,1,44396,82783,11100,24.946290969848633,73.49700164794922,0.4264523684978485,33.240257263183594,19.090085983276367,0.5047183036804199
Wed May  5 18:14:56 2021,1,44796,82783,11200,24.96343231201172,73.06707763671875,0.42683273553848267,22.96566390991211,27.904647827148438,0.4307585060596466
Wed May  5 18:15:35 2021,1,45196,82783,11300,24.98400115966797,72.64588928222656,0.4272126853466034,34.52973937988281,31.52878761291504,0.5740673542022705
Wed May  5 18:16:14 2021,1,45596,82783,11400,24.99978256225586,72.2964096069336,0.42746803164482117,32.87298583984375,62.123600006103516,0.5875382423400879
Wed May  5 18:16:54 2021,1,45996,82783,11500,25.006080627441406,72.15121459960938,0.42756393551826477,21.077823638916016,68.74588012695312,0.34314578771591187
Wed May  5 18:17:32 2021,1,46396,82783,11600,25.00543212890625,72.38426971435547,0.4272771179676056,15.281526565551758,24.70273780822754,0.2214139997959137
Wed May  5 18:18:12 2021,1,46796,82783,11700,25.01313018798828,72.2213363647461,0.4273698329925537,21.871543884277344,20.978696823120117,0.26829931139945984
Wed May  5 18:18:51 2021,1,47196,82783,11800,25.03262710571289,71.87425994873047,0.42764392495155334,23.074241638183594,9.63750171661377,0.4162132740020752
Wed May  5 18:19:30 2021,1,47596,82783,11900,25.0526123046875,71.50890350341797,0.4279683828353882,35.34849166870117,85.30363464355469,0.4303179681301117
Wed May  5 18:20:09 2021,1,47996,82783,12000,25.066518783569336,71.18498992919922,0.4281720817089081,33.196678161621094,24.46767234802246,0.4831710457801819
Wed May  5 18:20:48 2021,1,48396,82783,12100,25.083234786987305,70.8001480102539,0.4284871816635132,26.068115234375,23.32373809814453,0.4281293451786041
Wed May  5 18:21:27 2021,1,48796,82783,12200,25.103527069091797,70.41230010986328,0.42883333563804626,28.444143295288086,27.092130661010742,0.5729475617408752
Wed May  5 18:22:07 2021,1,49196,82783,12300,25.122516632080078,70.02996826171875,0.42916736006736755,33.30659484863281,43.72541427612305,0.6729896068572998
Wed May  5 18:22:46 2021,1,49596,82783,12400,25.141145706176758,69.6589126586914,0.42950665950775146,19.550086975097656,10.305852890014648,0.620637834072113
Wed May  5 18:23:25 2021,1,49996,82783,12500,25.161279678344727,69.28791809082031,0.429811030626297,18.961027145385742,11.015421867370605,0.22206097841262817
Wed May  5 18:24:05 2021,1,50396,82783,12600,25.175918579101562,68.92853546142578,0.430080384016037,19.50177001953125,12.431486129760742,0.28016597032546997
Wed May  5 18:24:44 2021,1,50796,82783,12700,25.193632125854492,68.5617446899414,0.4304026663303375,18.127485275268555,9.827132225036621,0.4217531383037567
Wed May  5 18:25:23 2021,1,51196,82783,12800,25.19957160949707,68.4772720336914,0.4304211735725403,20.302749633789062,372.4449157714844,0.3002324104309082
Wed May  5 18:26:02 2021,1,51596,82783,12900,25.189067840576172,68.8110122680664,0.43009352684020996,34.17287063598633,65.73126220703125,0.5296376943588257
Wed May  5 18:26:41 2021,1,51996,82783,13000,25.193496704101562,68.76305389404297,0.4301248788833618,23.624576568603516,41.88584518432617,0.3869926333427429
Wed May  5 18:27:21 2021,1,52396,82783,13100,25.203847885131836,68.5101547241211,0.4303349554538727,28.72195816040039,36.777976989746094,0.5299864411354065
Wed May  5 18:28:00 2021,1,52796,82783,13200,25.212343215942383,68.39706420898438,0.43048039078712463,37.968116760253906,68.36305236816406,0.7289170026779175
Wed May  5 18:28:39 2021,1,53196,82783,13300,25.22468376159668,68.15492248535156,0.4306604564189911,19.08449935913086,15.540976524353027,0.6027683615684509
Wed May  5 18:29:18 2021,1,53596,82783,13400,25.236255645751953,67.83834075927734,0.4309313893318176,21.638111114501953,12.144868850708008,0.27874916791915894
Wed May  5 18:29:58 2021,1,53996,82783,13500,25.250890731811523,67.51309967041016,0.43120914697647095,24.406435012817383,14.15261459350586,0.31077393889427185
Wed May  5 18:30:37 2021,1,54396,82783,13600,25.26217269897461,67.21686553955078,0.4314495623111725,13.154356956481934,11.738426208496094,0.4281717538833618
Wed May  5 18:31:16 2021,1,54796,82783,13700,25.277666091918945,66.91057586669922,0.43171778321266174,38.70415496826172,58.68684387207031,0.5038284063339233
Wed May  5 18:31:55 2021,1,55196,82783,13800,25.293909072875977,66.5827407836914,0.4319993257522583,34.54612731933594,15.95788860321045,0.49063199758529663
Wed May  5 18:32:34 2021,1,55596,82783,13900,25.310331344604492,66.27991485595703,0.4322323799133301,25.35593605041504,25.012306213378906,0.4227299690246582
Wed May  5 18:33:13 2021,1,55996,82783,14000,25.30150604248047,66.58307647705078,0.43186458945274353,28.730716705322266,76.45466613769531,0.476235955953598
Wed May  5 18:33:52 2021,1,56396,82783,14100,25.305131912231445,66.57752990722656,0.4317966401576996,36.843658447265625,62.02370071411133,0.6638872623443604
Wed May  5 18:34:32 2021,1,56796,82783,14200,25.31276512145996,66.36993408203125,0.4318743050098419,23.17673110961914,17.239286422729492,0.5669189095497131
Wed May  5 18:35:11 2021,1,57196,82783,14300,25.324426651000977,66.09122467041016,0.43203699588775635,14.169315338134766,13.300649642944336,0.22840043902397156
Wed May  5 18:35:50 2021,1,57596,82783,14400,25.339204788208008,65.79828643798828,0.4322408139705658,20.797487258911133,14.97384262084961,0.27361881732940674
Wed May  5 18:36:29 2021,1,57996,82783,14500,25.355098724365234,65.50883483886719,0.43244507908821106,20.212451934814453,10.708473205566406,0.40939196944236755
Wed May  5 18:37:08 2021,1,58396,82783,14600,25.368558883666992,65.21458435058594,0.4326607584953308,44.70450973510742,50.80995559692383,0.520125150680542
Wed May  5 18:37:47 2021,1,58796,82783,14700,25.38165855407715,64.936767578125,0.43289461731910706,34.37413024902344,30.873191833496094,0.501213788986206
Wed May  5 18:38:26 2021,1,59196,82783,14800,25.384029388427734,64.92788696289062,0.43291836977005005,33.17005157470703,57.37971115112305,0.5088086724281311
Wed May  5 18:39:06 2021,1,59596,82783,14900,25.39769172668457,64.6845703125,0.4331224262714386,30.208019256591797,26.18661117553711,0.5385794639587402
Wed May  5 18:39:45 2021,1,59996,82783,15000,25.409896850585938,64.39866638183594,0.43338966369628906,39.777679443359375,34.72908401489258,0.6950369477272034
Wed May  5 18:40:24 2021,1,60396,82783,15100,25.423974990844727,64.114990234375,0.43367359042167664,20.83030891418457,9.941472053527832,0.6075231432914734
Wed May  5 18:41:03 2021,1,60796,82783,15200,25.436626434326172,63.820247650146484,0.43392354249954224,21.85356903076172,9.838202476501465,0.27083727717399597
Wed May  5 18:41:43 2021,1,61196,82783,15300,25.448434829711914,63.54023361206055,0.43415093421936035,22.003467559814453,13.200130462646484,0.2989742159843445
Wed May  5 18:42:22 2021,1,61596,82783,15400,25.462846755981445,63.25520324707031,0.43439993262290955,17.239543914794922,9.273947715759277,0.4080663025379181
Wed May  5 18:43:02 2021,1,61996,82783,15500,25.478212356567383,62.985477447509766,0.43462109565734863,45.40691375732422,44.305267333984375,0.5035336017608643
Wed May  5 18:43:42 2021,1,62396,82783,15600,25.492877960205078,62.73002624511719,0.4348139464855194,29.02263832092285,27.145673751831055,0.4292309284210205
Wed May  5 18:44:21 2021,1,62796,82783,15700,25.505779266357422,62.46375274658203,0.4350327253341675,27.976394653320312,20.474620819091797,0.45540064573287964
Wed May  5 18:45:00 2021,1,63196,82783,15800,25.52090072631836,62.1929931640625,0.4352550208568573,29.229631423950195,21.921058654785156,0.5703721046447754
Wed May  5 18:45:39 2021,1,63596,82783,15900,25.536693572998047,61.926727294921875,0.43550562858581543,34.66307830810547,33.847190856933594,0.6728671789169312
Wed May  5 18:46:19 2021,1,63996,82783,16000,25.550657272338867,61.66494369506836,0.43572428822517395,19.16189956665039,13.40749740600586,0.628859281539917
Wed May  5 18:46:58 2021,1,64396,82783,16100,25.562612533569336,61.40555191040039,0.4358970522880554,13.704811096191406,10.487263679504395,0.2126014232635498
Wed May  5 18:47:38 2021,1,64796,82783,16200,25.576282501220703,61.165985107421875,0.4360693693161011,21.22058868408203,13.717865943908691,0.26276904344558716
Wed May  5 18:48:17 2021,1,65196,82783,16300,25.587535858154297,60.91775131225586,0.4362565875053406,19.65966796875,7.442859172821045,0.4440823197364807
Wed May  5 18:48:57 2021,1,65596,82783,16400,25.600173950195312,60.676265716552734,0.43644583225250244,40.81538772583008,45.98818588256836,0.47850534319877625
Wed May  5 18:49:37 2021,1,65996,82783,16500,25.60947036743164,60.48823547363281,0.43662434816360474,24.401309967041016,88.07286834716797,0.5258755683898926
Wed May  5 18:50:17 2021,1,66396,82783,16600,25.60785484313965,60.61292266845703,0.43655484914779663,23.88750457763672,59.859439849853516,0.48521560430526733
Wed May  5 18:50:56 2021,1,66796,82783,16700,25.611238479614258,60.608097076416016,0.43645408749580383,31.5402889251709,31.497173309326172,0.5336089134216309
Wed May  5 18:51:35 2021,1,67196,82783,16800,25.620515823364258,60.39704132080078,0.43665459752082825,39.3601188659668,36.81830978393555,0.6660335063934326
Wed May  5 18:52:14 2021,1,67596,82783,16900,25.631328582763672,60.1776123046875,0.4368431270122528,20.232175827026367,10.712386131286621,0.6089657545089722
Wed May  5 18:52:54 2021,1,67996,82783,17000,25.641809463500977,59.94953918457031,0.43701785802841187,17.55925750732422,10.263435363769531,0.22387683391571045
Wed May  5 18:53:33 2021,1,68396,82783,17100,25.650888442993164,59.71763610839844,0.4371899366378784,21.390636444091797,11.199825286865234,0.30472439527511597
Wed May  5 18:54:12 2021,1,68796,82783,17200,25.6612491607666,59.4888801574707,0.4373818039894104,15.203581809997559,7.928772449493408,0.3980858325958252
Wed May  5 18:54:51 2021,1,69196,82783,17300,25.675182342529297,59.24806594848633,0.43759360909461975,45.46982955932617,37.42624282836914,0.5150109529495239
Wed May  5 18:55:30 2021,1,69596,82783,17400,25.687297821044922,59.013671875,0.43779614567756653,33.529991149902344,14.511489868164062,0.49874448776245117
Wed May  5 18:56:10 2021,1,69996,82783,17500,25.69742202758789,58.779903411865234,0.437983900308609,22.4785099029541,20.119659423828125,0.4028289318084717
Wed May  5 18:56:49 2021,1,70396,82783,17600,25.70635223388672,58.55198669433594,0.43818536400794983,28.70661163330078,21.72722053527832,0.5898090600967407
Wed May  5 18:57:28 2021,1,70796,82783,17700,25.718761444091797,58.33621597290039,0.4383872151374817,37.4105224609375,39.8858642578125,0.6707494258880615
Wed May  5 18:58:08 2021,1,71196,82783,17800,25.721338272094727,58.2841682434082,0.4384578466415405,19.574941635131836,28.308210372924805,0.5638819932937622
Wed May  5 18:58:47 2021,1,71596,82783,17900,25.721864700317383,58.35256576538086,0.43828684091567993,18.600807189941406,17.965105056762695,0.22577287256717682
Wed May  5 18:59:27 2021,1,71996,82783,18000,25.72992706298828,58.17475891113281,0.4384327232837677,28.710887908935547,12.660970687866211,0.3100838363170624
Wed May  5 19:00:06 2021,1,72396,82783,18100,25.739337921142578,57.96792221069336,0.438595712184906,22.51372718811035,8.523752212524414,0.41625118255615234
Wed May  5 19:00:45 2021,1,72796,82783,18200,25.749135971069336,57.76138687133789,0.4387633502483368,46.597686767578125,42.09574890136719,0.5122398734092712
Wed May  5 19:01:24 2021,1,73196,82783,18300,25.757604598999023,57.5487174987793,0.4389365315437317,34.836795806884766,17.430803298950195,0.47188615798950195
Wed May  5 19:02:04 2021,1,73596,82783,18400,25.76901626586914,57.335899353027344,0.4391169250011444,27.821502685546875,16.817291259765625,0.4523879885673523
Wed May  5 19:02:44 2021,1,73996,82783,18500,25.779870986938477,57.124046325683594,0.43928372859954834,26.240955352783203,22.248958587646484,0.5611448287963867
Wed May  5 19:03:23 2021,1,74396,82783,18600,25.791635513305664,56.9132194519043,0.43947935104370117,36.92134094238281,26.77341651916504,0.6925690174102783
Wed May  5 19:04:03 2021,1,74796,82783,18700,25.802135467529297,56.70470428466797,0.4396452307701111,24.762615203857422,9.018138885498047,0.6346383094787598
Wed May  5 19:04:42 2021,1,75196,82783,18800,25.81056785583496,56.513004302978516,0.4397684633731842,19.55047035217285,8.334531784057617,0.26738619804382324
Wed May  5 19:05:22 2021,1,75596,82783,18900,25.82111167907715,56.303611755371094,0.4399336576461792,21.223102569580078,9.174921035766602,0.31639185547828674
Wed May  5 19:06:02 2021,1,75996,82783,19000,25.83194923400879,56.09747314453125,0.4400998055934906,15.438064575195312,6.254092216491699,0.43849679827690125
Wed May  5 19:06:41 2021,1,76396,82783,19100,25.842622756958008,55.895042419433594,0.4402627944946289,46.093902587890625,29.236164093017578,0.49231845140457153
Wed May  5 19:07:21 2021,1,76796,82783,19200,25.85249900817871,55.689697265625,0.4404190182685852,30.229503631591797,15.552581787109375,0.4718327522277832
Wed May  5 19:08:00 2021,1,77196,82783,19300,25.856056213378906,55.63755416870117,0.44047054648399353,20.943029403686523,50.21790313720703,0.3662189841270447
Wed May  5 19:08:39 2021,1,77596,82783,19400,25.866018295288086,55.47218322753906,0.44060248136520386,29.849533081054688,22.027223587036133,0.532497763633728
Wed May  5 19:09:19 2021,1,77996,82783,19500,25.87254524230957,55.277801513671875,0.44076889753341675,36.446773529052734,40.70170974731445,0.6854138970375061
Wed May  5 19:09:58 2021,1,78396,82783,19600,25.880308151245117,55.08541488647461,0.44092658162117004,16.97350311279297,11.1718168258667,0.57942795753479
Wed May  5 19:10:37 2021,1,78796,82783,19700,25.888355255126953,54.89160919189453,0.44106990098953247,14.168946266174316,8.091560363769531,0.2502288222312927
Wed May  5 19:11:16 2021,1,79196,82783,19800,25.898059844970703,54.694862365722656,0.44120413064956665,25.909936904907227,10.545942306518555,0.2845350205898285
Wed May  5 19:11:55 2021,1,79596,82783,19900,25.905559539794922,54.513328552246094,0.44133657217025757,15.619861602783203,7.589357852935791,0.39998677372932434
Wed May  5 19:12:34 2021,1,79996,82783,20000,25.914188385009766,54.32491683959961,0.44147592782974243,44.324485778808594,32.13003158569336,0.5188522934913635
Wed May  5 19:13:14 2021,1,80396,82783,20100,25.92234230041504,54.140384674072266,0.4416082203388214,35.02539825439453,13.356178283691406,0.46744775772094727
Wed May  5 19:13:53 2021,1,80796,82783,20200,25.930774688720703,53.959598541259766,0.441743940114975,26.75839614868164,15.311781883239746,0.4492252469062805
Wed May  5 19:14:33 2021,1,81196,82783,20300,25.939743041992188,53.78022766113281,0.44189003109931946,27.364681243896484,21.522796630859375,0.5465325713157654
Wed May  5 19:15:13 2021,1,81596,82783,20400,25.94918441772461,53.60562515258789,0.4420400857925415,38.40784454345703,27.815073013305664,0.7116408348083496
Wed May  5 19:15:51 2021,1,81996,82783,20500,25.95726776123047,53.42768096923828,0.44218581914901733,16.34029769897461,9.902010917663574,0.5827630758285522
Wed May  5 19:16:31 2021,1,82396,82783,20600,25.96523666381836,53.25225830078125,0.4423045217990875,14.70689868927002,7.874808311462402,0.2405245006084442
Wed May  5 19:17:09 2021,2,82796,82783,20700,25.974807739257812,53.07797622680664,0.44242745637893677,32.57137680053711,18.41107749938965,0.5808936357498169
Wed May  5 19:17:39 2021,2,83196,82783,20800,25.983966827392578,52.90217971801758,0.4425617456436157,39.6712760925293,24.03142547607422,0.6861644983291626
Wed May  5 19:18:10 2021,2,83596,82783,20900,25.99258041381836,52.72383499145508,0.44270461797714233,19.98265266418457,7.599026203155518,0.5961547493934631
Wed May  5 19:18:40 2021,2,83996,82783,21000,25.997663497924805,52.55188751220703,0.44280752539634705,10.833198547363281,10.933825492858887,0.20851269364356995
Wed May  5 19:19:10 2021,2,84396,82783,21100,26.00665855407715,52.383689880371094,0.4429280161857605,21.02703285217285,9.227190971374512,0.28738027811050415
Wed May  5 19:19:41 2021,2,84796,82783,21200,26.013948440551758,52.22164535522461,0.4430406093597412,18.959653854370117,17.160354614257812,0.4585295021533966
Wed May  5 19:20:11 2021,2,85196,82783,21300,26.021120071411133,52.06272888183594,0.4431510269641876,39.62055206298828,33.83790969848633,0.5114009380340576
Wed May  5 19:20:41 2021,2,85596,82783,21400,26.02606964111328,51.90925979614258,0.44327235221862793,25.009029388427734,114.10777282714844,0.3671177625656128
Wed May  5 19:21:11 2021,2,85996,82783,21500,26.024993896484375,52.024784088134766,0.4431148171424866,31.622943878173828,42.998565673828125,0.4475210905075073
Wed May  5 19:21:41 2021,2,86396,82783,21600,26.02300262451172,52.02462387084961,0.44310736656188965,29.907995223999023,41.43147277832031,0.48183515667915344
Wed May  5 19:22:12 2021,2,86796,82783,21700,26.028593063354492,51.92454528808594,0.44317054748535156,33.42206573486328,34.17296600341797,0.690854012966156
Wed May  5 19:22:42 2021,2,87196,82783,21800,26.035154342651367,51.79127883911133,0.4432410001754761,19.01266098022461,8.263510704040527,0.6077587604522705
Wed May  5 19:23:12 2021,2,87596,82783,21900,26.043392181396484,51.626033782958984,0.44334983825683594,17.85289764404297,7.142104148864746,0.2594398260116577
Wed May  5 19:23:43 2021,2,87996,82783,22000,26.05130386352539,51.461605072021484,0.44346603751182556,27.658203125,9.722699165344238,0.2776647210121155
Wed May  5 19:24:13 2021,2,88396,82783,22100,26.05898094177246,51.299686431884766,0.4435730576515198,23.658191680908203,6.192788600921631,0.42320284247398376
Wed May  5 19:24:43 2021,2,88796,82783,22200,26.067140579223633,51.1429328918457,0.443685382604599,40.56920623779297,35.909549713134766,0.46135950088500977
Wed May  5 19:25:13 2021,2,89196,82783,22300,26.073637008666992,50.97933578491211,0.44380033016204834,31.315670013427734,12.736886024475098,0.4762551486492157
Wed May  5 19:25:43 2021,2,89596,82783,22400,26.0795955657959,50.82109832763672,0.44391244649887085,26.22031021118164,13.598907470703125,0.43126654624938965
Wed May  5 19:26:14 2021,2,89996,82783,22500,26.086097717285156,50.676673889160156,0.4439949691295624,28.655643463134766,18.968605041503906,0.5374488830566406
Wed May  5 19:26:44 2021,2,90396,82783,22600,26.093725204467773,50.517086029052734,0.44411739706993103,34.751953125,25.17498016357422,0.6919108629226685
Wed May  5 19:27:14 2021,2,90796,82783,22700,26.099212646484375,50.36545181274414,0.44421863555908203,18.708248138427734,8.192952156066895,0.5953384637832642
Wed May  5 19:27:44 2021,2,91196,82783,22800,26.105609893798828,50.21989822387695,0.44430533051490784,16.80401611328125,8.562572479248047,0.263923317193985
Wed May  5 19:28:15 2021,2,91596,82783,22900,26.112060546875,50.07309341430664,0.44439730048179626,26.248912811279297,10.10804271697998,0.31108349561691284
Wed May  5 19:28:45 2021,2,91996,82783,23000,26.117809295654297,49.923336029052734,0.44449469447135925,14.499490737915039,6.914849758148193,0.3950845003128052
Wed May  5 19:29:15 2021,2,92396,82783,23100,26.1249942779541,49.78054428100586,0.4445972144603729,45.393821716308594,31.059436798095703,0.4658351242542267
Wed May  5 19:29:45 2021,2,92796,82783,23200,26.130943298339844,49.631134033203125,0.4447028636932373,31.333667755126953,19.38719940185547,0.4503742754459381
Wed May  5 19:30:16 2021,2,93196,82783,23300,26.135587692260742,49.48130416870117,0.4448150098323822,28.004377365112305,12.735971450805664,0.44417649507522583
Wed May  5 19:30:46 2021,2,93596,82783,23400,26.14164161682129,49.33329391479492,0.44492194056510925,28.023887634277344,19.459304809570312,0.5599763989448547
Wed May  5 19:31:16 2021,2,93996,82783,23500,26.146812438964844,49.18739318847656,0.44504067301750183,36.952415466308594,22.672611236572266,0.7050515413284302
Wed May  5 19:31:46 2021,2,94396,82783,23600,26.15238380432129,49.04120635986328,0.44515103101730347,20.284732818603516,7.942510604858398,0.619120717048645
Wed May  5 19:32:17 2021,2,94796,82783,23700,26.15682029724121,48.89571762084961,0.44524794816970825,15.09262752532959,7.285836219787598,0.2526182234287262
Wed May  5 19:32:47 2021,2,95196,82783,23800,26.16208267211914,48.75546646118164,0.4453343451023102,21.685585021972656,10.039501190185547,0.2760552763938904
Wed May  5 19:33:17 2021,2,95596,82783,23900,26.166656494140625,48.619781494140625,0.445426344871521,16.209959030151367,6.666115760803223,0.4429216980934143
Wed May  5 19:33:47 2021,2,95996,82783,24000,26.172189712524414,48.49571990966797,0.4455008804798126,46.266048431396484,33.53521728515625,0.5027698278427124
Wed May  5 19:34:18 2021,2,96396,82783,24100,26.17869758605957,48.356143951416016,0.44559282064437866,33.0499153137207,12.943279266357422,0.4670104384422302
Wed May  5 19:34:48 2021,2,96796,82783,24200,26.18284797668457,48.21876525878906,0.4456785321235657,29.01054573059082,13.541459083557129,0.4359448552131653
Wed May  5 19:35:18 2021,2,97196,82783,24300,26.18669319152832,48.08550262451172,0.44576504826545715,29.627317428588867,17.98729705810547,0.5589720606803894
Wed May  5 19:35:48 2021,2,97596,82783,24400,26.185081481933594,48.16954803466797,0.44573530554771423,21.272998809814453,307.5886535644531,0.44459882378578186
Wed May  5 19:36:19 2021,2,97996,82783,24500,26.180217742919922,48.2913703918457,0.44567134976387024,16.852336883544922,17.119461059570312,0.6480671167373657
Wed May  5 19:36:49 2021,2,98396,82783,24600,26.181520462036133,48.21937561035156,0.44576311111450195,16.822019577026367,9.588483810424805,0.25440162420272827
Wed May  5 19:37:19 2021,2,98796,82783,24700,26.186208724975586,48.095245361328125,0.4458748400211334,23.291637420654297,10.842084884643555,0.27112430334091187
Wed May  5 19:37:50 2021,2,99196,82783,24800,26.190807342529297,47.96662139892578,0.44598162174224854,18.4041748046875,6.168717861175537,0.4406075179576874
Wed May  5 19:38:20 2021,2,99596,82783,24900,26.196945190429688,47.83417510986328,0.44610342383384705,40.371421813964844,40.565162658691406,0.4675443768501282
Wed May  5 19:38:50 2021,2,99996,82783,25000,26.202518463134766,47.7042236328125,0.4462128281593323,28.961071014404297,14.62710952758789,0.49147504568099976
Wed May  5 19:39:21 2021,2,100396,82783,25100,26.207380294799805,47.57038497924805,0.44631996750831604,28.243690490722656,12.486867904663086,0.44899994134902954
Wed May  5 19:39:51 2021,2,100796,82783,25200,26.213233947753906,47.436546325683594,0.4464273154735565,28.799205780029297,18.63265609741211,0.5671236515045166
Wed May  5 19:40:21 2021,2,101196,82783,25300,26.218168258666992,47.306312561035156,0.44653403759002686,34.19757843017578,21.452545166015625,0.7053695917129517
Wed May  5 19:40:51 2021,2,101596,82783,25400,26.223615646362305,47.1757926940918,0.44663771986961365,25.946670532226562,7.343499183654785,0.6202786564826965
Wed May  5 19:41:22 2021,2,101996,82783,25500,26.227554321289062,47.04362869262695,0.4467241168022156,16.619338989257812,7.267192363739014,0.25664064288139343
Wed May  5 19:41:52 2021,2,102396,82783,25600,26.231117248535156,46.91278076171875,0.4468165934085846,23.992431640625,7.974353313446045,0.2977434992790222
Wed May  5 19:42:22 2021,2,102796,82783,25700,26.235557556152344,46.785648345947266,0.44690269231796265,17.095088958740234,6.0359392166137695,0.40950679779052734
Wed May  5 19:42:52 2021,2,103196,82783,25800,26.24040985107422,46.66404342651367,0.446991890668869,43.58097457885742,33.5948600769043,0.5207403898239136
Wed May  5 19:43:23 2021,2,103596,82783,25900,26.245084762573242,46.54169464111328,0.44707033038139343,32.367347717285156,13.07712459564209,0.4852917194366455
Wed May  5 19:43:53 2021,2,103996,82783,26000,26.25017547607422,46.41891098022461,0.4471460282802582,27.5583553314209,12.942144393920898,0.43862462043762207
Wed May  5 19:44:23 2021,2,104396,82783,26100,26.253726959228516,46.298118591308594,0.44722598791122437,24.292648315429688,21.2054500579834,0.5246948599815369
Wed May  5 19:44:54 2021,2,104796,82783,26200,26.258710861206055,46.17995071411133,0.4473220407962799,35.182884216308594,27.110233306884766,0.6719088554382324
Wed May  5 19:45:24 2021,2,105196,82783,26300,26.259117126464844,46.15460968017578,0.44736364483833313,21.304187774658203,17.754291534423828,0.5895601511001587
Wed May  5 19:45:54 2021,2,105596,82783,26400,26.25709342956543,46.19818115234375,0.4473227560520172,15.768394470214844,12.222099304199219,0.25477901101112366
Wed May  5 19:46:25 2021,2,105996,82783,26500,26.26144790649414,46.095306396484375,0.44740021228790283,22.20911407470703,9.012287139892578,0.2916684150695801
Wed May  5 19:46:55 2021,2,106396,82783,26600,26.26613426208496,45.97710037231445,0.44749724864959717,18.682079315185547,5.4278974533081055,0.39741477370262146
Wed May  5 19:47:25 2021,2,106796,82783,26700,26.270984649658203,45.860260009765625,0.44759243726730347,41.56808853149414,30.114294052124023,0.4923480153083801
Wed May  5 19:47:55 2021,2,107196,82783,26800,26.274648666381836,45.743473052978516,0.447676420211792,30.555465698242188,13.046743392944336,0.4821462035179138
Wed May  5 19:48:26 2021,2,107596,82783,26900,26.2780704498291,45.62358856201172,0.4477582573890686,24.58820343017578,14.332769393920898,0.43865740299224854
Wed May  5 19:48:56 2021,2,107996,82783,27000,26.281267166137695,45.506160736083984,0.44784125685691833,30.083999633789062,17.36487579345703,0.5815492868423462
Wed May  5 19:49:26 2021,2,108396,82783,27100,26.284923553466797,45.39494705200195,0.44791293144226074,39.77479553222656,22.696823120117188,0.6908835172653198
Wed May  5 19:49:56 2021,2,108796,82783,27200,26.288846969604492,45.281341552734375,0.4480007290840149,18.789392471313477,10.00904655456543,0.5898222923278809
Wed May  5 19:50:27 2021,2,109196,82783,27300,26.291072845458984,45.16944122314453,0.4480637311935425,18.1634521484375,6.8501691818237305,0.27449333667755127
Wed May  5 19:50:57 2021,2,109596,82783,27400,26.295297622680664,45.05492401123047,0.44812342524528503,21.031044006347656,9.969740867614746,0.288043349981308
Wed May  5 19:51:27 2021,2,109996,82783,27500,26.296653747558594,44.94313430786133,0.4481968283653259,16.6125545501709,6.773723602294922,0.40508395433425903
Wed May  5 19:51:57 2021,2,110396,82783,27600,26.300554275512695,44.831153869628906,0.448266863822937,40.56883239746094,30.766643524169922,0.49203211069107056
Wed May  5 19:52:28 2021,2,110796,82783,27700,26.304655075073242,44.718379974365234,0.4483410120010376,28.30931282043457,13.982219696044922,0.47169041633605957
Wed May  5 19:52:58 2021,2,111196,82783,27800,26.307861328125,44.61145782470703,0.4484018087387085,30.185022354125977,12.729605674743652,0.42660072445869446
Wed May  5 19:53:28 2021,2,111596,82783,27900,26.311555862426758,44.5026741027832,0.4484756588935852,27.306304931640625,18.040864944458008,0.5419926643371582
Wed May  5 19:53:58 2021,2,111996,82783,28000,26.31416893005371,44.39302062988281,0.44854965806007385,39.924713134765625,21.269628524780273,0.7020589113235474
Wed May  5 19:54:29 2021,2,112396,82783,28100,26.316335678100586,44.285003662109375,0.4486219584941864,14.949701309204102,7.898016452789307,0.6023027896881104
Wed May  5 19:54:59 2021,2,112796,82783,28200,26.3176212310791,44.183563232421875,0.44868072867393494,15.505386352539062,7.565298557281494,0.24588386714458466
Wed May  5 19:55:29 2021,2,113196,82783,28300,26.320802688598633,44.08651351928711,0.44873344898223877,19.134414672851562,11.131415367126465,0.24861322343349457
Wed May  5 19:56:00 2021,2,113596,82783,28400,26.3242130279541,43.97983169555664,0.4487985372543335,16.79738426208496,6.196416854858398,0.39282160997390747
Wed May  5 19:56:30 2021,2,113996,82783,28500,26.328704833984375,43.87723159790039,0.4488632082939148,42.58454895019531,28.570716857910156,0.4907802939414978
Wed May  5 19:57:00 2021,2,114396,82783,28600,26.33155632019043,43.77315902709961,0.4489308297634125,35.01927947998047,11.521799087524414,0.48950305581092834
Wed May  5 19:57:30 2021,2,114796,82783,28700,26.334304809570312,43.67728805541992,0.448976993560791,27.185924530029297,19.249465942382812,0.43658292293548584
Wed May  5 19:58:00 2021,2,115196,82783,28800,26.33631706237793,43.58299255371094,0.4490417242050171,26.509979248046875,21.536970138549805,0.556627631187439
Wed May  5 19:58:31 2021,2,115596,82783,28900,26.33364486694336,43.73875045776367,0.4489196538925171,27.318998336791992,261.88507080078125,0.4098466634750366
Wed May  5 19:59:01 2021,2,115996,82783,29000,26.333011627197266,43.79813766479492,0.4489191770553589,20.44097328186035,20.740779876708984,0.5367188453674316
Wed May  5 19:59:32 2021,2,116396,82783,29100,26.33481216430664,43.74147415161133,0.4489958882331848,17.56899070739746,13.895936965942383,0.25050848722457886
Wed May  5 20:00:02 2021,2,116796,82783,29200,26.337566375732422,43.67999267578125,0.449065238237381,26.685321807861328,18.664960861206055,0.3315848112106323
Wed May  5 20:00:32 2021,2,117196,82783,29300,26.34137725830078,43.59675216674805,0.44914674758911133,20.578365325927734,6.712193489074707,0.4290063977241516
Wed May  5 20:01:02 2021,2,117596,82783,29400,26.346675872802734,43.50339126586914,0.449238121509552,45.40129852294922,32.613800048828125,0.49950355291366577
Wed May  5 20:01:33 2021,2,117996,82783,29500,26.35172462463379,43.40802001953125,0.4493209719657898,32.08600616455078,16.321407318115234,0.4710013270378113
Wed May  5 20:02:03 2021,2,118396,82783,29600,26.35594940185547,43.311805725097656,0.4493977427482605,26.612226486206055,13.729783058166504,0.44170355796813965
Wed May  5 20:02:33 2021,2,118796,82783,29700,26.3614559173584,43.214988708496094,0.4494771957397461,28.853675842285156,17.314884185791016,0.552959680557251
Wed May  5 20:03:04 2021,2,119196,82783,29800,26.362192153930664,43.23579406738281,0.44949448108673096,37.85791015625,32.527286529541016,0.6551824808120728
Wed May  5 20:03:34 2021,2,119596,82783,29900,26.36561393737793,43.1480598449707,0.4495643973350525,18.819564819335938,7.4398417472839355,0.6033527255058289
Wed May  5 20:04:04 2021,2,119996,82783,30000,26.36994743347168,43.054603576660156,0.44963595271110535,22.415985107421875,7.816564083099365,0.26099300384521484
Wed May  5 20:04:34 2021,2,120396,82783,30100,26.375110626220703,42.95857238769531,0.44969442486763,26.604068756103516,7.900965213775635,0.3014281690120697
Wed May  5 20:05:05 2021,2,120796,82783,30200,26.378742218017578,42.863616943359375,0.449759840965271,17.428424835205078,6.33767032623291,0.40829989314079285
Wed May  5 20:05:35 2021,2,121196,82783,30300,26.383739471435547,42.76814270019531,0.4498266875743866,43.01396942138672,27.44091033935547,0.49790340662002563
Wed May  5 20:06:05 2021,2,121596,82783,30400,26.38852310180664,42.670875549316406,0.44989755749702454,33.64788818359375,11.296895027160645,0.500100314617157
Wed May  5 20:06:35 2021,2,121996,82783,30500,26.39202117919922,42.57570266723633,0.4499618709087372,27.57062530517578,13.407456398010254,0.46277105808258057
Wed May  5 20:07:06 2021,2,122396,82783,30600,26.39554786682129,42.481285095214844,0.45002326369285583,28.207469940185547,16.367815017700195,0.5565783381462097
Wed May  5 20:07:36 2021,2,122796,82783,30700,26.39969825744629,42.387638092041016,0.4500838816165924,36.57741165161133,20.64058494567871,0.7132763862609863
Wed May  5 20:08:06 2021,2,123196,82783,30800,26.401973724365234,42.2937126159668,0.4501514136791229,16.854766845703125,7.643616199493408,0.6050701141357422
Wed May  5 20:08:37 2021,2,123596,82783,30900,26.40439224243164,42.201324462890625,0.4502144455909729,17.820449829101562,7.438169002532959,0.27224501967430115
Wed May  5 20:09:07 2021,2,123996,82783,31000,26.405805587768555,42.120948791503906,0.45025065541267395,21.251562118530273,12.22048282623291,0.27962595224380493
Wed May  5 20:09:37 2021,2,124396,82783,31100,26.40766716003418,42.03031539916992,0.4503011107444763,15.262531280517578,6.506732940673828,0.38795006275177
Wed May  5 20:10:07 2021,2,124796,82783,31200,26.410680770874023,41.94049072265625,0.4503595232963562,45.221221923828125,30.699556350708008,0.4788557291030884
Wed May  5 20:10:38 2021,2,125196,82783,31300,26.41384506225586,41.847633361816406,0.4504146873950958,30.964317321777344,11.79075813293457,0.4732411503791809
Wed May  5 20:11:08 2021,2,125596,82783,31400,26.41653060913086,41.755157470703125,0.4504694938659668,26.511791229248047,11.971896171569824,0.42809057235717773
Wed May  5 20:11:38 2021,2,125996,82783,31500,26.418676376342773,41.666053771972656,0.45052728056907654,31.292768478393555,16.00787353515625,0.5482179522514343
Wed May  5 20:12:08 2021,2,126396,82783,31600,26.419612884521484,41.57870101928711,0.4505881071090698,34.78887939453125,24.004627227783203,0.7075777053833008
Wed May  5 20:12:39 2021,2,126796,82783,31700,26.42190933227539,41.494873046875,0.45064085721969604,18.017749786376953,7.254219055175781,0.5943204164505005
Wed May  5 20:13:09 2021,2,127196,82783,31800,26.422531127929688,41.40684127807617,0.4506808817386627,16.130538940429688,6.94710636138916,0.25411272048950195
Wed May  5 20:13:39 2021,2,127596,82783,31900,26.423053741455078,41.357975006103516,0.45070791244506836,20.784971237182617,26.734333038330078,0.2994100749492645
Wed May  5 20:14:10 2021,2,127996,82783,32000,26.42409896850586,41.3275146484375,0.4507122039794922,18.965944290161133,7.1473236083984375,0.37816351652145386
Wed May  5 20:14:40 2021,2,128396,82783,32100,26.427473068237305,41.24333572387695,0.45077550411224365,42.01816177368164,25.21637535095215,0.495845764875412
Wed May  5 20:15:10 2021,2,128796,82783,32200,26.430028915405273,41.15617752075195,0.45083633065223694,28.471187591552734,13.319265365600586,0.4766905605792999
Wed May  5 20:15:41 2021,2,129196,82783,32300,26.433687210083008,41.06890869140625,0.4508989751338959,29.13490104675293,11.66543197631836,0.4388100504875183
Wed May  5 20:16:11 2021,2,129596,82783,32400,26.43541717529297,40.984230041503906,0.45095551013946533,33.143028259277344,16.871503829956055,0.5630930662155151
Wed May  5 20:16:41 2021,2,129996,82783,32500,26.4368839263916,40.90055847167969,0.4510105848312378,39.165016174316406,18.939416885375977,0.7121739387512207
Wed May  5 20:17:11 2021,2,130396,82783,32600,26.4381103515625,40.81484603881836,0.45106691122055054,17.369510650634766,8.140830039978027,0.6051647663116455
Wed May  5 20:17:42 2021,2,130796,82783,32700,26.439960479736328,40.73044967651367,0.4511134922504425,14.941373825073242,6.810412883758545,0.26152539253234863
Wed May  5 20:18:12 2021,2,131196,82783,32800,26.442018508911133,40.64633560180664,0.4511582553386688,19.910505294799805,11.503901481628418,0.26038074493408203
Wed May  5 20:18:42 2021,2,131596,82783,32900,26.4433650970459,40.56669998168945,0.45120322704315186,17.267414093017578,5.149773120880127,0.4051320254802704
Wed May  5 20:19:12 2021,2,131996,82783,33000,26.44576072692871,40.484779357910156,0.45125260949134827,41.09580993652344,31.77150535583496,0.4825170934200287
Wed May  5 20:19:43 2021,2,132396,82783,33100,26.447036743164062,40.40510559082031,0.4512951374053955,29.00803565979004,14.19283390045166,0.47458845376968384
Wed May  5 20:20:13 2021,2,132796,82783,33200,26.44940757751465,40.32154083251953,0.4513413608074188,28.008258819580078,9.95295524597168,0.44149667024612427
Wed May  5 20:20:43 2021,2,133196,82783,33300,26.449108123779297,40.240779876708984,0.4513870179653168,30.215240478515625,16.44075584411621,0.5587344169616699
Wed May  5 20:21:14 2021,2,133596,82783,33400,26.450170516967773,40.16127014160156,0.4514380395412445,36.76213073730469,22.803638458251953,0.7041831016540527
Wed May  5 20:21:44 2021,2,133996,82783,33500,26.45121955871582,40.08382797241211,0.4514859616756439,20.087188720703125,7.871716499328613,0.5843172073364258
Wed May  5 20:22:14 2021,2,134396,82783,33600,26.452285766601562,40.00519561767578,0.45151975750923157,14.004613876342773,7.743837833404541,0.2378457486629486
Wed May  5 20:22:44 2021,2,134796,82783,33700,26.4525089263916,39.92549133300781,0.451556921005249,18.553638458251953,7.937665939331055,0.27160292863845825
Wed May  5 20:23:14 2021,2,135196,82783,33800,26.4522762298584,39.8466796875,0.4515957534313202,18.372026443481445,5.332117080688477,0.41121071577072144
Wed May  5 20:23:44 2021,2,135596,82783,33900,26.4536075592041,39.77170944213867,0.45163193345069885,36.768394470214844,54.765159606933594,0.4447440803050995
Wed May  5 20:24:15 2021,2,135996,82783,34000,26.453651428222656,39.698394775390625,0.45167744159698486,27.772502899169922,16.94003677368164,0.4530844986438751
Wed May  5 20:24:45 2021,2,136396,82783,34100,26.453929901123047,39.621219635009766,0.45172083377838135,22.419403076171875,14.237723350524902,0.4160262942314148
Wed May  5 20:25:15 2021,2,136796,82783,34200,26.455434799194336,39.54228973388672,0.451768159866333,31.39900779724121,16.347606658935547,0.5773597955703735
Wed May  5 20:25:46 2021,2,137196,82783,34300,26.45587730407715,39.468692779541016,0.4518134593963623,35.44970703125,21.32436180114746,0.6912246942520142
Wed May  5 20:26:16 2021,2,137596,82783,34400,26.449769973754883,39.62494659423828,0.45165130496025085,21.964733123779297,70.92162322998047,0.36145442724227905
Wed May  5 20:26:46 2021,2,137996,82783,34500,26.447185516357422,39.726531982421875,0.4515608549118042,10.88017463684082,22.067054748535156,0.19746744632720947
Wed May  5 20:27:16 2021,2,138396,82783,34600,26.44576644897461,39.73460388183594,0.4515456557273865,23.051015853881836,20.224328994750977,0.26030856370925903
Wed May  5 20:27:47 2021,2,138796,82783,34700,26.447479248046875,39.69517517089844,0.45156750082969666,16.02440071105957,10.033318519592285,0.34734660387039185
Wed May  5 20:28:17 2021,2,139196,82783,34800,26.450292587280273,39.638057708740234,0.4516104459762573,43.110443115234375,32.44792175292969,0.48286372423171997
Wed May  5 20:28:47 2021,2,139596,82783,34900,26.45336151123047,39.57083511352539,0.4516666531562805,32.57263946533203,14.44570255279541,0.4563170075416565
Wed May  5 20:29:17 2021,2,139996,82783,35000,26.45587158203125,39.5025634765625,0.45170900225639343,27.313249588012695,16.24888038635254,0.4380151033401489
Wed May  5 20:29:48 2021,2,140396,82783,35100,26.458585739135742,39.43973922729492,0.4517398178577423,28.503231048583984,23.680816650390625,0.5370768308639526
Wed May  5 20:30:18 2021,2,140796,82783,35200,26.46040153503418,39.3683967590332,0.45179134607315063,38.31460952758789,23.593215942382812,0.7014096975326538
Wed May  5 20:30:48 2021,2,141196,82783,35300,26.462907791137695,39.29570007324219,0.45184415578842163,18.403820037841797,7.867163181304932,0.6023225784301758
Wed May  5 20:31:18 2021,2,141596,82783,35400,26.46414566040039,39.223506927490234,0.45188096165657043,15.357622146606445,7.138534069061279,0.22655898332595825
Wed May  5 20:31:49 2021,2,141996,82783,35500,26.46645736694336,39.15198516845703,0.4519180655479431,22.529794692993164,7.624964237213135,0.31131458282470703
Wed May  5 20:32:19 2021,2,142396,82783,35600,26.469247817993164,39.083839416503906,0.4519636929035187,19.304611206054688,5.568760395050049,0.4290470778942108
Wed May  5 20:32:49 2021,2,142796,82783,35700,26.472257614135742,39.01152801513672,0.4520127773284912,44.38432312011719,24.716569900512695,0.4980470538139343
Wed May  5 20:33:19 2021,2,143196,82783,35800,26.473909378051758,38.947113037109375,0.4520561397075653,24.98548698425293,78.50479125976562,0.43822938203811646
Wed May  5 20:33:50 2021,2,143596,82783,35900,26.474700927734375,38.945587158203125,0.45208021998405457,31.102602005004883,18.80005645751953,0.5003979802131653
Wed May  5 20:34:20 2021,2,143996,82783,36000,26.47694206237793,38.879390716552734,0.45213714241981506,31.593976974487305,18.01811408996582,0.5637980699539185
Wed May  5 20:34:50 2021,2,144396,82783,36100,26.479501724243164,38.808876037597656,0.4522012174129486,39.019142150878906,19.059717178344727,0.7016720771789551
Wed May  5 20:35:20 2021,2,144796,82783,36200,26.48138427734375,38.736942291259766,0.4522605538368225,16.549007415771484,8.698498725891113,0.5917273759841919
Wed May  5 20:35:51 2021,2,145196,82783,36300,26.481822967529297,38.666526794433594,0.45230376720428467,20.105566024780273,6.898705959320068,0.288709819316864
Wed May  5 20:36:21 2021,2,145596,82783,36400,26.48301124572754,38.59458923339844,0.4523483216762543,23.193613052368164,8.58972454071045,0.3093901574611664
Wed May  5 20:36:51 2021,2,145996,82783,36500,26.48402976989746,38.5230712890625,0.45239269733428955,15.927021980285645,5.189927577972412,0.41335809230804443
Wed May  5 20:37:22 2021,2,146396,82783,36600,26.48680305480957,38.453147888183594,0.4524420499801636,46.54356002807617,27.057111740112305,0.5169494152069092
Wed May  5 20:37:52 2021,2,146796,82783,36700,26.486515045166016,38.38521957397461,0.4524831175804138,31.001930236816406,11.034579277038574,0.4831346869468689
Wed May  5 20:38:22 2021,2,147196,82783,36800,26.488265991210938,38.31609344482422,0.4525255262851715,30.081945419311523,12.589274406433105,0.4162867069244385
Wed May  5 20:38:52 2021,2,147596,82783,36900,26.489208221435547,38.247413635253906,0.45257073640823364,29.62873077392578,15.987811088562012,0.5610029697418213
Wed May  5 20:39:22 2021,2,147996,82783,37000,26.489103317260742,38.181758880615234,0.45261189341545105,34.744598388671875,21.804218292236328,0.6771631836891174
Wed May  5 20:39:53 2021,2,148396,82783,37100,26.490549087524414,38.11347198486328,0.45266008377075195,17.37816619873047,6.268805027008057,0.5893387198448181
Wed May  5 20:40:23 2021,2,148796,82783,37200,26.491769790649414,38.044403076171875,0.4527004659175873,18.61750030517578,6.038337707519531,0.26273345947265625
Wed May  5 20:40:53 2021,2,149196,82783,37300,26.49211883544922,37.97516632080078,0.4527428150177002,18.929208755493164,7.858178615570068,0.2844872772693634
Wed May  5 20:41:23 2021,2,149596,82783,37400,26.49211311340332,37.90895080566406,0.4527796506881714,19.86359405517578,5.1027092933654785,0.4089828133583069
Wed May  5 20:41:54 2021,2,149996,82783,37500,26.49311065673828,37.84081268310547,0.4528239071369171,42.79881286621094,23.931798934936523,0.48557978868484497
Wed May  5 20:42:24 2021,2,150396,82783,37600,26.493804931640625,37.7739143371582,0.4528658390045166,30.915424346923828,12.42416763305664,0.4827864468097687
Wed May  5 20:42:54 2021,2,150796,82783,37700,26.493860244750977,37.7077522277832,0.4529046416282654,26.627357482910156,10.929903030395508,0.4486234784126282
Wed May  5 20:43:24 2021,2,151196,82783,37800,26.49431037902832,37.64194869995117,0.4529397785663605,31.085250854492188,15.402713775634766,0.5577690601348877
Wed May  5 20:43:55 2021,2,151596,82783,37900,26.495298385620117,37.57820510864258,0.4529835283756256,38.92626190185547,19.261024475097656,0.7155486345291138
Wed May  5 20:44:25 2021,2,151996,82783,38000,26.4948787689209,37.51527786254883,0.4530203938484192,17.080774307250977,7.3084845542907715,0.596644937992096
Wed May  5 20:44:55 2021,2,152396,82783,38100,26.49358367919922,37.45143127441406,0.45305120944976807,15.072874069213867,5.9482221603393555,0.25365155935287476
Wed May  5 20:45:26 2021,2,152796,82783,38200,26.49310874938965,37.388816833496094,0.45308423042297363,19.84878158569336,9.790996551513672,0.2901935875415802
Wed May  5 20:45:56 2021,2,153196,82783,38300,26.493043899536133,37.32658004760742,0.453118234872818,19.575397491455078,4.91552734375,0.40994417667388916
Wed May  5 20:46:26 2021,2,153596,82783,38400,26.493539810180664,37.26433181762695,0.45315706729888916,44.29609298706055,27.16009521484375,0.4801384210586548
Wed May  5 20:46:56 2021,2,153996,82783,38500,26.493122100830078,37.2014045715332,0.4531905949115753,32.41355895996094,10.736050605773926,0.49491411447525024
Wed May  5 20:47:27 2021,2,154396,82783,38600,26.493593215942383,37.14328384399414,0.45322757959365845,24.353771209716797,12.976486206054688,0.42358115315437317
Wed May  5 20:47:57 2021,2,154796,82783,38700,26.495012283325195,37.086666107177734,0.45325884222984314,28.411884307861328,15.906105995178223,0.5534299612045288
Wed May  5 20:48:27 2021,2,155196,82783,38800,26.49631118774414,37.027320861816406,0.45330071449279785,36.450416564941406,19.941417694091797,0.7026090621948242
Wed May  5 20:48:57 2021,2,155596,82783,38900,26.49771499633789,36.965728759765625,0.4533408284187317,20.669639587402344,9.589077949523926,0.5862330198287964
Wed May  5 20:49:28 2021,2,155996,82783,39000,26.49871253967285,36.90388870239258,0.4533713459968567,15.109553337097168,7.345088958740234,0.25445258617401123
Wed May  5 20:49:58 2021,2,156396,82783,39100,26.49933624267578,36.841495513916016,0.4534018337726593,19.277603149414062,7.825077533721924,0.2988477051258087
Wed May  5 20:50:28 2021,2,156796,82783,39200,26.49839210510254,36.78105163574219,0.4534359574317932,13.880309104919434,5.7424516677856445,0.3954964578151703
Wed May  5 20:50:58 2021,2,157196,82783,39300,26.4987850189209,36.72311019897461,0.4534672796726227,41.51725387573242,30.782392501831055,0.4858635663986206
Wed May  5 20:51:29 2021,2,157596,82783,39400,26.499408721923828,36.6628532409668,0.4534999132156372,29.718605041503906,11.98404598236084,0.4967470169067383
Wed May  5 20:51:59 2021,2,157996,82783,39500,26.499914169311523,36.603633880615234,0.45353278517723083,28.52412986755371,11.621101379394531,0.42302602529525757
Wed May  5 20:52:29 2021,2,158396,82783,39600,26.49526596069336,36.74415969848633,0.45340314507484436,28.527530670166016,48.33496856689453,0.47353193163871765
Wed May  5 20:52:59 2021,2,158796,82783,39700,26.49510383605957,36.73384475708008,0.45341378450393677,37.52290725708008,26.70244026184082,0.7082875370979309
Wed May  5 20:53:30 2021,2,159196,82783,39800,26.496572494506836,36.68405532836914,0.45345747470855713,17.17933464050293,8.393921852111816,0.6018551588058472
Wed May  5 20:54:00 2021,2,159596,82783,39900,26.49908447265625,36.628868103027344,0.4534945785999298,16.812105178833008,9.21724796295166,0.240401953458786
Wed May  5 20:54:30 2021,2,159996,82783,40000,26.499696731567383,36.5721321105957,0.45352455973625183,21.84884262084961,8.503381729125977,0.2915147542953491
Wed May  5 20:55:01 2021,2,160396,82783,40100,26.50067901611328,36.51401901245117,0.4535587728023529,16.322982788085938,5.589422225952148,0.40657490491867065
Wed May  5 20:55:31 2021,2,160796,82783,40200,26.502092361450195,36.455509185791016,0.45359015464782715,39.622432708740234,27.836271286010742,0.4785560071468353
Wed May  5 20:56:01 2021,2,161196,82783,40300,26.503503799438477,36.3970947265625,0.45362377166748047,30.630924224853516,11.552151679992676,0.48313480615615845
Wed May  5 20:56:31 2021,2,161596,82783,40400,26.504417419433594,36.33882522583008,0.4536568820476532,25.058086395263672,12.30327320098877,0.4230460822582245
Wed May  5 20:57:01 2021,2,161996,82783,40500,26.50476837158203,36.280765533447266,0.4536883234977722,26.6871337890625,16.891136169433594,0.5462675094604492
Wed May  5 20:57:32 2021,2,162396,82783,40600,26.506235122680664,36.2222900390625,0.45372962951660156,37.531288146972656,17.888931274414062,0.7079503536224365
Wed May  5 20:58:02 2021,2,162796,82783,40700,26.506206512451172,36.16541290283203,0.4537588953971863,18.143878936767578,6.252270221710205,0.5780129432678223
Wed May  5 20:58:32 2021,2,163196,82783,40800,26.506458282470703,36.10746383666992,0.4537835419178009,15.17676830291748,6.891678810119629,0.2536174952983856
Wed May  5 20:59:02 2021,2,163596,82783,40900,26.506324768066406,36.04899215698242,0.4538097679615021,20.940624237060547,7.272006511688232,0.3058779537677765
Wed May  5 20:59:33 2021,2,163996,82783,41000,26.50694465637207,35.99203109741211,0.45383498072624207,15.95718002319336,5.210527420043945,0.4049023985862732
Wed May  5 21:00:03 2021,2,164396,82783,41100,26.50786590576172,35.93674850463867,0.4538589119911194,39.74800491333008,32.6776123046875,0.46070343255996704
Wed May  5 21:00:33 2021,2,164796,82783,41200,26.508432388305664,35.87913131713867,0.4538872539997101,30.78605079650879,11.728124618530273,0.47400104999542236
Wed May  5 21:01:03 2021,2,165196,82783,41300,26.506662368774414,35.900672912597656,0.453888475894928,25.36811065673828,37.01652145385742,0.4272260069847107
