Wed May  5 12:03:02 2021,1,396,82783,100,23.59834861755371,145.58221435546875,0.2516287863254547,23.625347137451172,76.78169250488281,0.3625207543373108
Wed May  5 12:03:34 2021,1,796,82783,200,25.800371170043945,98.62905883789062,0.3606620728969574,32.23501968383789,37.12407684326172,0.5394900441169739
Wed May  5 12:04:05 2021,1,1196,82783,300,26.700927734375,77.9070053100586,0.4171332120895386,28.83737564086914,35.385860443115234,0.5279392004013062
Wed May  5 12:04:38 2021,1,1596,82783,400,27.21169662475586,65.71208953857422,0.4488886296749115,29.38433265686035,27.495891571044922,0.5333495140075684
Wed May  5 12:05:09 2021,1,1996,82783,500,27.646154403686523,57.5302619934082,0.4690895676612854,25.199726104736328,24.014516830444336,0.5789690017700195
Wed May  5 12:05:41 2021,1,2396,82783,600,27.86499786376953,51.79413986206055,0.48214977979660034,29.741477966308594,20.150087356567383,0.5467427968978882
Wed May  5 12:06:13 2021,1,2796,82783,700,28.059913635253906,47.26667404174805,0.49244755506515503,27.408164978027344,22.762691497802734,0.5346035957336426
Wed May  5 12:06:46 2021,1,3196,82783,800,28.19341468811035,43.78636932373047,0.5003705024719238,27.375707626342773,21.57571792602539,0.5496211051940918
Wed May  5 12:07:17 2021,1,3596,82783,900,28.304306030273438,41.03086471557617,0.5064636468887329,29.142616271972656,17.3420352935791,0.5582736730575562
Wed May  5 12:07:49 2021,1,3996,82783,1000,28.361574172973633,38.66312789916992,0.5115647315979004,27.80768585205078,16.3893985748291,0.551872730255127
Wed May  5 12:08:22 2021,1,4396,82783,1100,28.43639373779297,36.665565490722656,0.5160874724388123,31.275558471679688,15.172239303588867,0.5826051235198975
Wed May  5 12:08:54 2021,1,4796,82783,1200,28.447872161865234,34.96399688720703,0.5201044082641602,27.253108978271484,16.541135787963867,0.5712569952011108
Wed May  5 12:09:26 2021,1,5196,82783,1300,28.466571807861328,33.544334411621094,0.5236609578132629,30.211122512817383,15.417065620422363,0.5768003463745117
Wed May  5 12:09:58 2021,1,5596,82783,1400,28.482789993286133,32.25192642211914,0.5268768668174744,29.59459114074707,15.965625762939453,0.550627589225769
Wed May  5 12:10:31 2021,1,5996,82783,1500,28.49428367614746,31.133018493652344,0.5295308828353882,27.337554931640625,15.711185455322266,0.5547745227813721
Wed May  5 12:11:02 2021,1,6396,82783,1600,28.49781036376953,30.12697982788086,0.5317885875701904,29.099720001220703,14.691383361816406,0.5693743228912354
Wed May  5 12:11:34 2021,1,6796,82783,1700,28.482877731323242,29.236106872558594,0.5337838530540466,27.53742027282715,14.386934280395508,0.5681766271591187
Wed May  5 12:12:06 2021,1,7196,82783,1800,28.47441864013672,28.403423309326172,0.535768449306488,28.693740844726562,14.131912231445312,0.5626091957092285
Wed May  5 12:12:38 2021,1,7596,82783,1900,28.467050552368164,27.669553756713867,0.5373856425285339,28.895116806030273,15.556924819946289,0.5747252702713013
Wed May  5 12:13:11 2021,1,7996,82783,2000,28.434337615966797,26.993915557861328,0.5389200448989868,28.65694236755371,15.136429786682129,0.5562059283256531
Wed May  5 12:13:42 2021,1,8396,82783,2100,28.410888671875,26.377492904663086,0.5403302311897278,27.426979064941406,13.081953048706055,0.5765912532806396
Wed May  5 12:14:14 2021,1,8796,82783,2200,28.377981185913086,25.811058044433594,0.5416713953018188,26.57565689086914,14.134084701538086,0.5717431306838989
Wed May  5 12:14:46 2021,1,9196,82783,2300,28.347131729125977,25.286548614501953,0.5427951812744141,29.24378776550293,13.74140453338623,0.5708657503128052
Wed May  5 12:15:19 2021,1,9596,82783,2400,28.30234146118164,24.80162239074707,0.5439133048057556,27.892993927001953,11.98206901550293,0.5828321576118469
Wed May  5 12:15:50 2021,1,9996,82783,2500,28.269742965698242,24.359149932861328,0.5448808073997498,26.951034545898438,12.330022811889648,0.5782790184020996
Wed May  5 12:16:23 2021,1,10396,82783,2600,28.223764419555664,23.941770553588867,0.5457538962364197,25.34739112854004,14.430625915527344,0.5592130422592163
Wed May  5 12:16:55 2021,1,10796,82783,2700,28.192434310913086,23.55544662475586,0.5466378331184387,26.93558692932129,12.75152587890625,0.5845373868942261
Wed May  5 12:17:27 2021,1,11196,82783,2800,28.15595054626465,23.19733428955078,0.5475140810012817,29.805095672607422,14.312986373901367,0.5906786918640137
Wed May  5 12:17:59 2021,1,11596,82783,2900,28.105546951293945,22.848981857299805,0.5483322739601135,24.781652450561523,13.550237655639648,0.5667791366577148
Wed May  5 12:18:32 2021,1,11996,82783,3000,28.05188751220703,22.53445053100586,0.5491169095039368,26.774250030517578,14.019675254821777,0.5681629180908203
Wed May  5 12:19:04 2021,1,12396,82783,3100,27.998746871948242,22.24376106262207,0.5497755408287048,26.915813446044922,12.358856201171875,0.5760303735733032
Wed May  5 12:19:36 2021,1,12796,82783,3200,27.955751419067383,21.969045639038086,0.5504933595657349,24.02849578857422,15.699426651000977,0.5845135450363159
Wed May  5 12:20:08 2021,1,13196,82783,3300,27.90489387512207,21.706300735473633,0.5511264801025391,29.110532760620117,12.94145393371582,0.5789997577667236
Wed May  5 12:20:41 2021,1,13596,82783,3400,27.84916877746582,21.466283798217773,0.5516908764839172,23.952163696289062,14.013401985168457,0.5772068500518799
Wed May  5 12:21:14 2021,1,13996,82783,3500,27.792949676513672,21.239084243774414,0.552268922328949,22.739927291870117,13.423136711120605,0.5519465804100037
Wed May  5 12:21:47 2021,1,14396,82783,3600,27.737503051757812,21.01592254638672,0.5528420805931091,24.533767700195312,13.447044372558594,0.5673955678939819
Wed May  5 12:22:19 2021,1,14796,82783,3700,27.680360794067383,20.796188354492188,0.5533179640769958,26.45322036743164,12.331670761108398,0.552309513092041
Wed May  5 12:22:51 2021,1,15196,82783,3800,27.61396598815918,20.596328735351562,0.553790807723999,23.81014633178711,14.010048866271973,0.5781869888305664
Wed May  5 12:23:23 2021,1,15596,82783,3900,27.547882080078125,20.40833282470703,0.5542297959327698,24.63661766052246,13.788226127624512,0.5695784687995911
Wed May  5 12:23:55 2021,1,15996,82783,4000,27.487096786499023,20.217262268066406,0.5546842813491821,26.288005828857422,12.223322868347168,0.5784090757369995
Wed May  5 12:24:28 2021,1,16396,82783,4100,27.426483154296875,20.041969299316406,0.5550687909126282,24.827001571655273,11.336074829101562,0.5756374001502991
Wed May  5 12:25:00 2021,1,16796,82783,4200,27.365766525268555,19.882658004760742,0.5554582476615906,24.32958221435547,13.096391677856445,0.5955479145050049
Wed May  5 12:25:32 2021,1,17196,82783,4300,27.30143928527832,19.726716995239258,0.5557721853256226,24.321542739868164,11.863585472106934,0.5654247999191284
Wed May  5 12:26:04 2021,1,17596,82783,4400,27.240381240844727,19.574655532836914,0.5561210513114929,25.005321502685547,12.145707130432129,0.5757182836532593
Wed May  5 12:26:36 2021,1,17996,82783,4500,27.179370880126953,19.432085037231445,0.5564629435539246,23.87033462524414,12.447166442871094,0.5725482702255249
Wed May  5 12:27:09 2021,1,18396,82783,4600,27.121721267700195,19.300045013427734,0.5567379593849182,23.68450927734375,14.920429229736328,0.5534807443618774
Wed May  5 12:27:41 2021,1,18796,82783,4700,27.05954360961914,19.162437438964844,0.557035505771637,23.22930908203125,12.741645812988281,0.5584466457366943
Wed May  5 12:28:14 2021,1,19196,82783,4800,26.99668312072754,19.034912109375,0.5572919845581055,25.01396942138672,12.068338394165039,0.5779366493225098
Wed May  5 12:28:46 2021,1,19596,82783,4900,26.93330955505371,18.914297103881836,0.5575578212738037,22.388519287109375,14.155749320983887,0.572968602180481
Wed May  5 12:29:18 2021,1,19996,82783,5000,26.867267608642578,18.79180335998535,0.557840883731842,22.814876556396484,13.330757141113281,0.5710936784744263
Wed May  5 12:29:51 2021,1,20396,82783,5100,26.80088233947754,18.67978858947754,0.558083176612854,22.35689353942871,13.441043853759766,0.5781606435775757
Wed May  5 12:30:23 2021,1,20796,82783,5200,26.736318588256836,18.56520652770996,0.5583556294441223,24.914676666259766,14.3723783493042,0.575892448425293
Wed May  5 12:30:56 2021,1,21196,82783,5300,26.671001434326172,18.45610809326172,0.5585635304450989,24.705583572387695,11.505308151245117,0.5792925357818604
Wed May  5 12:31:27 2021,1,21596,82783,5400,26.604921340942383,18.34998893737793,0.5587784647941589,24.196392059326172,11.381611824035645,0.5789112448692322
Wed May  5 12:32:00 2021,1,21996,82783,5500,26.540481567382812,18.25090980529785,0.5589567422866821,22.874683380126953,12.846017837524414,0.551668643951416
Wed May  5 12:32:32 2021,1,22396,82783,5600,26.476381301879883,18.153514862060547,0.5591031312942505,21.379905700683594,13.579888343811035,0.5583046078681946
Wed May  5 12:33:05 2021,1,22796,82783,5700,26.415363311767578,18.06525421142578,0.5592348575592041,24.14816665649414,11.690478324890137,0.5678527355194092
Wed May  5 12:33:37 2021,1,23196,82783,5800,26.35980224609375,17.974821090698242,0.5593979358673096,25.082828521728516,12.200937271118164,0.569089412689209
Wed May  5 12:34:09 2021,1,23596,82783,5900,26.298614501953125,17.88331413269043,0.5595636367797852,22.772300720214844,13.203943252563477,0.5494186878204346
Wed May  5 12:34:42 2021,1,23996,82783,6000,26.23706817626953,17.79790687561035,0.5596776604652405,22.370826721191406,13.696954727172852,0.5631269812583923
Wed May  5 12:35:14 2021,1,24396,82783,6100,26.177907943725586,17.722042083740234,0.5598028302192688,24.747966766357422,15.035658836364746,0.5706254243850708
Wed May  5 12:35:47 2021,1,24796,82783,6200,26.12498664855957,17.646825790405273,0.5599241256713867,21.447223663330078,11.780590057373047,0.5769355297088623
Wed May  5 12:36:19 2021,1,25196,82783,6300,26.06552505493164,17.56402015686035,0.5600541830062866,22.282917022705078,12.171891212463379,0.5716192722320557
Wed May  5 12:36:51 2021,1,25596,82783,6400,26.00295639038086,17.481321334838867,0.5601457953453064,21.111852645874023,12.628472328186035,0.5719432830810547
Wed May  5 12:37:23 2021,1,25996,82783,6500,25.943479537963867,17.404930114746094,0.5602463483810425,21.602436065673828,12.493454933166504,0.5640054941177368
Wed May  5 12:37:56 2021,1,26396,82783,6600,25.888395309448242,17.33139419555664,0.5603256821632385,23.585609436035156,12.181297302246094,0.5794843435287476
Wed May  5 12:38:28 2021,1,26796,82783,6700,25.83111000061035,17.262935638427734,0.5604192018508911,21.838134765625,12.506146430969238,0.5621901750564575
Wed May  5 12:39:00 2021,1,27196,82783,6800,25.775650024414062,17.19257354736328,0.5605276226997375,21.557186126708984,12.42462158203125,0.5709893107414246
Wed May  5 12:39:32 2021,1,27596,82783,6900,25.718637466430664,17.123594284057617,0.5606151223182678,21.32440757751465,13.140104293823242,0.5659332275390625
Wed May  5 12:40:04 2021,1,27996,82783,7000,25.661624908447266,17.055198669433594,0.5606949329376221,20.772750854492188,12.572059631347656,0.5740288496017456
Wed May  5 12:40:36 2021,1,28396,82783,7100,25.606346130371094,16.987438201904297,0.560754656791687,21.146800994873047,12.581609725952148,0.5601531267166138
Wed May  5 12:41:09 2021,1,28796,82783,7200,25.550933837890625,16.92532730102539,0.5608199238777161,23.12685775756836,11.870899200439453,0.5769845843315125
Wed May  5 12:41:41 2021,1,29196,82783,7300,25.496475219726562,16.860721588134766,0.5608823299407959,20.414459228515625,12.44944953918457,0.5513935089111328
Wed May  5 12:42:13 2021,1,29596,82783,7400,25.444015502929688,16.796045303344727,0.5609670281410217,20.563556671142578,12.129115104675293,0.5615403652191162
Wed May  5 12:42:45 2021,1,29996,82783,7500,25.390316009521484,16.733388900756836,0.5610283017158508,21.6467227935791,12.032766342163086,0.5692055821418762
Wed May  5 12:43:16 2021,1,30396,82783,7600,25.335784912109375,16.67007827758789,0.5610756278038025,21.907203674316406,11.178482055664062,0.5587873458862305
Wed May  5 12:43:49 2021,1,30796,82783,7700,25.281856536865234,16.611183166503906,0.5611339211463928,20.352676391601562,11.450873374938965,0.5649551153182983
Wed May  5 12:44:21 2021,1,31196,82783,7800,25.231430053710938,16.554431915283203,0.5611934065818787,21.755346298217773,12.109615325927734,0.576387882232666
Wed May  5 12:44:53 2021,1,31596,82783,7900,25.181005477905273,16.497907638549805,0.5612272024154663,21.989532470703125,11.386186599731445,0.5680792927742004
Wed May  5 12:45:25 2021,1,31996,82783,8000,25.13282585144043,16.440847396850586,0.5612524151802063,20.803003311157227,11.964555740356445,0.5539240837097168
Wed May  5 12:45:58 2021,1,32396,82783,8100,25.082191467285156,16.385953903198242,0.5612459778785706,20.58566665649414,12.319457054138184,0.5712617635726929
Wed May  5 12:46:30 2021,1,32796,82783,8200,25.03388214111328,16.333154678344727,0.5612624883651733,22.157747268676758,11.784775733947754,0.5626931190490723
Wed May  5 12:47:02 2021,1,33196,82783,8300,24.984556198120117,16.280614852905273,0.5612806677818298,20.749103546142578,11.961202621459961,0.5538804531097412
Wed May  5 12:47:34 2021,1,33596,82783,8400,24.935848236083984,16.226842880249023,0.5612765550613403,21.72283172607422,12.426093101501465,0.5537772178649902
Wed May  5 12:48:06 2021,1,33996,82783,8500,24.888084411621094,16.175106048583984,0.5612712502479553,20.322731018066406,11.87621021270752,0.5666838884353638
Wed May  5 12:48:40 2021,1,34396,82783,8600,24.84349250793457,16.127042770385742,0.5612879395484924,21.665889739990234,10.810096740722656,0.5676759481430054
Wed May  5 12:49:12 2021,1,34796,82783,8700,24.798250198364258,16.079837799072266,0.5612807273864746,19.763402938842773,12.906418800354004,0.555413544178009
Wed May  5 12:49:45 2021,1,35196,82783,8800,24.753782272338867,16.030048370361328,0.561274528503418,19.206296920776367,11.892500877380371,0.5541872978210449
Wed May  5 12:50:17 2021,1,35596,82783,8900,24.70764923095703,15.98260498046875,0.5612602829933167,20.198421478271484,11.047083854675293,0.5579508543014526
Wed May  5 12:50:50 2021,1,35996,82783,9000,24.662202835083008,15.934494972229004,0.5612618327140808,21.338138580322266,11.982010841369629,0.5628715753555298
Wed May  5 12:51:22 2021,1,36396,82783,9100,24.616666793823242,15.88694953918457,0.5612679123878479,20.006210327148438,11.295931816101074,0.5575754642486572
Wed May  5 12:51:54 2021,1,36796,82783,9200,24.571672439575195,15.841150283813477,0.5612654089927673,19.475177764892578,11.822498321533203,0.5548540949821472
Wed May  5 12:52:27 2021,1,37196,82783,9300,24.528858184814453,15.797850608825684,0.5612397193908691,21.842220306396484,11.277556419372559,0.5557979345321655
Wed May  5 12:53:00 2021,1,37596,82783,9400,24.4860782623291,15.753573417663574,0.5612329244613647,19.086585998535156,12.171257972717285,0.5494658946990967
Wed May  5 12:53:32 2021,1,37996,82783,9500,24.443143844604492,15.709578514099121,0.5612363219261169,20.498950958251953,12.056085586547852,0.5520495176315308
Wed May  5 12:54:04 2021,1,38396,82783,9600,24.404155731201172,15.666653633117676,0.5612285137176514,19.673187255859375,10.903066635131836,0.5574262142181396
Wed May  5 12:54:37 2021,1,38796,82783,9700,24.364547729492188,15.624488830566406,0.5612165331840515,20.63395118713379,11.950600624084473,0.564262330532074
Wed May  5 12:55:09 2021,1,39196,82783,9800,24.322772979736328,15.581786155700684,0.5611874461174011,21.029781341552734,11.940192222595215,0.5583971738815308
Wed May  5 12:55:42 2021,1,39596,82783,9900,24.2835636138916,15.539548873901367,0.561183512210846,20.499086380004883,12.305051803588867,0.5573777556419373
Wed May  5 12:56:14 2021,1,39996,82783,10000,24.245235443115234,15.497526168823242,0.5611761808395386,19.2154483795166,11.795106887817383,0.5542504787445068
Wed May  5 12:56:47 2021,1,40396,82783,10100,24.205825805664062,15.457755088806152,0.5611813068389893,21.724334716796875,10.646045684814453,0.5604933500289917
Wed May  5 12:57:20 2021,1,40796,82783,10200,24.168354034423828,15.422138214111328,0.5611591935157776,20.02964973449707,10.732701301574707,0.5636419653892517
Wed May  5 12:57:52 2021,1,41196,82783,10300,24.129640579223633,15.384506225585938,0.561142086982727,21.97240447998047,10.483142852783203,0.5529810190200806
Wed May  5 12:58:25 2021,1,41596,82783,10400,24.091468811035156,15.34652042388916,0.56113201379776,20.144357681274414,11.709815979003906,0.5521585941314697
Wed May  5 12:58:56 2021,1,41996,82783,10500,24.05370330810547,15.306955337524414,0.5611240863800049,21.327045440673828,12.971055030822754,0.5573264360427856
Wed May  5 12:59:28 2021,1,42396,82783,10600,24.016233444213867,15.269224166870117,0.5611064434051514,19.817764282226562,11.52884578704834,0.5641213655471802
Wed May  5 13:00:01 2021,1,42796,82783,10700,23.979999542236328,15.232538223266602,0.5610980987548828,20.166419982910156,10.920391082763672,0.5670223832130432
Wed May  5 13:00:33 2021,1,43196,82783,10800,23.942686080932617,15.195953369140625,0.5610800385475159,20.318153381347656,10.604698181152344,0.5624505877494812
Wed May  5 13:01:05 2021,1,43596,82783,10900,23.906818389892578,15.160992622375488,0.5610679984092712,21.68138885498047,11.48558235168457,0.5741126537322998
Wed May  5 13:01:37 2021,1,43996,82783,11000,23.870080947875977,15.124287605285645,0.5610500574111938,21.023937225341797,9.802358627319336,0.563754677772522
Wed May  5 13:02:10 2021,1,44396,82783,11100,23.833534240722656,15.089558601379395,0.5610247254371643,18.957290649414062,11.25190258026123,0.5583038330078125
Wed May  5 13:02:42 2021,1,44796,82783,11200,23.798498153686523,15.055354118347168,0.5610120296478271,19.71595001220703,10.205440521240234,0.5590149760246277
Wed May  5 13:03:14 2021,1,45196,82783,11300,23.764122009277344,15.020281791687012,0.5609928965568542,20.154109954833984,10.185624122619629,0.556949257850647
Wed May  5 13:03:46 2021,1,45596,82783,11400,23.729223251342773,14.98564338684082,0.5609700083732605,20.437335968017578,11.055049896240234,0.5624852180480957
Wed May  5 13:04:18 2021,1,45996,82783,11500,23.694793701171875,14.951910018920898,0.5609582662582397,20.86981964111328,11.268501281738281,0.5641193389892578
Wed May  5 13:04:49 2021,1,46396,82783,11600,23.660696029663086,14.919550895690918,0.5609374046325684,19.952714920043945,11.242804527282715,0.5584798455238342
Wed May  5 13:05:21 2021,1,46796,82783,11700,23.629161834716797,14.890666007995605,0.5609095096588135,18.781291961669922,12.250567436218262,0.5551149845123291
Wed May  5 13:05:54 2021,1,47196,82783,11800,23.596689224243164,14.858563423156738,0.5608938336372375,20.07434844970703,11.121072769165039,0.5617349147796631
Wed May  5 13:06:26 2021,1,47596,82783,11900,23.563112258911133,14.82602596282959,0.5608707666397095,21.09107208251953,9.978824615478516,0.5541216135025024
Wed May  5 13:06:59 2021,1,47996,82783,12000,23.52986717224121,14.794325828552246,0.5608521699905396,18.835546493530273,11.469234466552734,0.5343931317329407
Wed May  5 13:07:31 2021,1,48396,82783,12100,23.49746322631836,14.76418399810791,0.5608400106430054,19.360679626464844,10.05301284790039,0.5588008165359497
Wed May  5 13:08:05 2021,1,48796,82783,12200,23.4654541015625,14.733418464660645,0.5608178973197937,18.92123031616211,17.365909576416016,0.5636650323867798
Wed May  5 13:08:37 2021,1,49196,82783,12300,23.434551239013672,14.70462703704834,0.5607973337173462,20.504892349243164,11.727412223815918,0.5634766817092896
Wed May  5 13:09:09 2021,1,49596,82783,12400,23.403982162475586,14.675152778625488,0.5607796311378479,20.155723571777344,9.908222198486328,0.5590087175369263
Wed May  5 13:09:41 2021,1,49996,82783,12500,23.373516082763672,14.645856857299805,0.5607655644416809,20.325963973999023,11.793917655944824,0.5534589886665344
Wed May  5 13:10:13 2021,1,50396,82783,12600,23.34248161315918,14.61679744720459,0.5607380270957947,18.46704864501953,9.786751747131348,0.5512456893920898
Wed May  5 13:10:45 2021,1,50796,82783,12700,23.312849044799805,14.588586807250977,0.5607178807258606,20.021038055419922,10.622493743896484,0.5516628623008728
Wed May  5 13:11:19 2021,1,51196,82783,12800,23.282989501953125,14.560436248779297,0.5606877207756042,20.21921157836914,11.889208793640137,0.566044270992279
Wed May  5 13:11:51 2021,1,51596,82783,12900,23.253681182861328,14.532700538635254,0.5606688857078552,19.368877410888672,12.782238006591797,0.5673907399177551
Wed May  5 13:12:24 2021,1,51996,82783,13000,23.22408103942871,14.50479507446289,0.5606541037559509,19.075881958007812,10.861849784851074,0.5517218112945557
Wed May  5 13:12:56 2021,1,52396,82783,13100,23.194808959960938,14.477925300598145,0.560626745223999,19.87081527709961,10.287729263305664,0.5629168152809143
Wed May  5 13:13:29 2021,1,52796,82783,13200,23.16559410095215,14.450603485107422,0.560606062412262,20.720855712890625,12.125289916992188,0.567772388458252
Wed May  5 13:14:01 2021,1,53196,82783,13300,23.136812210083008,14.423206329345703,0.5605891346931458,18.494796752929688,10.703680038452148,0.5622555017471313
Wed May  5 13:14:33 2021,1,53596,82783,13400,23.10881233215332,14.396733283996582,0.5605785846710205,18.184221267700195,10.813285827636719,0.5663233399391174
Wed May  5 13:15:06 2021,1,53996,82783,13500,23.08025550842285,14.369726181030273,0.5605610609054565,19.910099029541016,12.341635704040527,0.5461670160293579
Wed May  5 13:15:38 2021,1,54396,82783,13600,23.052488327026367,14.343610763549805,0.5605428814888,18.23966407775879,10.750604629516602,0.5589369535446167
Wed May  5 13:16:11 2021,1,54796,82783,13700,23.023895263671875,14.31836986541748,0.5605212450027466,19.353294372558594,11.261724472045898,0.5592266917228699
Wed May  5 13:16:44 2021,1,55196,82783,13800,22.99724578857422,14.292511940002441,0.5605140924453735,18.574424743652344,11.113249778747559,0.5554029941558838
Wed May  5 13:17:17 2021,1,55596,82783,13900,22.970312118530273,14.267943382263184,0.5605032444000244,18.097251892089844,10.75083065032959,0.5549790859222412
Wed May  5 13:17:49 2021,1,55996,82783,14000,22.943384170532227,14.242484092712402,0.5604766011238098,17.77634620666504,10.796931266784668,0.5595154762268066
Wed May  5 13:18:22 2021,1,56396,82783,14100,22.91657066345215,14.217850685119629,0.5604672431945801,18.79193115234375,9.995892524719238,0.5561785697937012
Wed May  5 13:18:54 2021,1,56796,82783,14200,22.88930320739746,14.192146301269531,0.5604521632194519,20.07379913330078,10.426587104797363,0.5593236088752747
Wed May  5 13:19:27 2021,1,57196,82783,14300,22.862972259521484,14.167867660522461,0.5604385733604431,18.251380920410156,12.70078182220459,0.5622183084487915
Wed May  5 13:19:59 2021,1,57596,82783,14400,22.837051391601562,14.14484977722168,0.5604130029678345,18.824825286865234,12.83397102355957,0.5528088808059692
Wed May  5 13:20:31 2021,1,57996,82783,14500,22.811891555786133,14.120695114135742,0.5604020357131958,18.93026351928711,11.0439453125,0.5562165975570679
Wed May  5 13:21:05 2021,1,58396,82783,14600,22.78571128845215,14.09762191772461,0.5603854060173035,18.391738891601562,10.203471183776855,0.5603364706039429
Wed May  5 13:21:37 2021,1,58796,82783,14700,22.760025024414062,14.075010299682617,0.5603669285774231,19.732995986938477,10.533329010009766,0.5595857501029968
Wed May  5 13:22:09 2021,1,59196,82783,14800,22.73488426208496,14.051922798156738,0.5603567361831665,18.456462860107422,11.26127815246582,0.5651975870132446
Wed May  5 13:22:41 2021,1,59596,82783,14900,22.70905303955078,14.029437065124512,0.5603426694869995,18.517627716064453,9.86372184753418,0.5606464147567749
Wed May  5 13:23:14 2021,1,59996,82783,15000,22.684356689453125,14.007135391235352,0.5603246092796326,18.81654167175293,11.071966171264648,0.5529602766036987
Wed May  5 13:23:47 2021,1,60396,82783,15100,22.658971786499023,13.985101699829102,0.5603073835372925,18.792827606201172,11.394232749938965,0.5743308067321777
Wed May  5 13:24:19 2021,1,60796,82783,15200,22.63526153564453,13.963876724243164,0.5602924823760986,20.063003540039062,10.433666229248047,0.5607836246490479
Wed May  5 13:24:51 2021,1,61196,82783,15300,22.611520767211914,13.942493438720703,0.5602828860282898,18.415363311767578,10.477187156677246,0.5692805051803589
Wed May  5 13:25:23 2021,1,61596,82783,15400,22.5870418548584,13.920816421508789,0.5602750182151794,18.43814468383789,10.365608215332031,0.557260274887085
Wed May  5 13:25:55 2021,1,61996,82783,15500,22.563081741333008,13.899369239807129,0.5602543354034424,19.879804611206055,10.484848976135254,0.5576406717300415
Wed May  5 13:26:27 2021,1,62396,82783,15600,22.540803909301758,13.87869644165039,0.5602404475212097,18.528093338012695,10.257180213928223,0.5501618385314941
Wed May  5 13:26:59 2021,1,62796,82783,15700,22.518239974975586,13.857540130615234,0.5602260231971741,19.361452102661133,11.007094383239746,0.5659418106079102
Wed May  5 13:27:32 2021,1,63196,82783,15800,22.49547576904297,13.837165832519531,0.5602105855941772,19.054920196533203,10.351045608520508,0.5590965747833252
Wed May  5 13:28:04 2021,1,63596,82783,15900,22.473237991333008,13.816999435424805,0.5601990222930908,18.137680053710938,10.022114753723145,0.5598359107971191
Wed May  5 13:28:37 2021,1,63996,82783,16000,22.45072364807129,13.796862602233887,0.5601894855499268,18.9386043548584,10.136290550231934,0.5529155731201172
Wed May  5 13:29:09 2021,1,64396,82783,16100,22.427888870239258,13.777719497680664,0.5601725578308105,18.289888381958008,11.15515422821045,0.5616190433502197
Wed May  5 13:29:41 2021,1,64796,82783,16200,22.40619468688965,13.75853157043457,0.5601609349250793,19.677785873413086,10.479894638061523,0.5541272163391113
Wed May  5 13:30:13 2021,1,65196,82783,16300,22.38420295715332,13.7381591796875,0.5601500868797302,17.498279571533203,9.020078659057617,0.5535861253738403
Wed May  5 13:30:46 2021,1,65596,82783,16400,22.362394332885742,13.718612670898438,0.5601345300674438,19.8056583404541,10.530240058898926,0.5580810308456421
Wed May  5 13:31:18 2021,1,65996,82783,16500,22.34008026123047,13.699070930480957,0.5601280331611633,19.900470733642578,10.766443252563477,0.5630323886871338
Wed May  5 13:31:50 2021,1,66396,82783,16600,22.318819046020508,13.68001651763916,0.5601149797439575,19.05531120300293,10.39401626586914,0.5632669925689697
Wed May  5 13:32:23 2021,1,66796,82783,16700,22.296749114990234,13.660902976989746,0.5601067543029785,18.731891632080078,10.655062675476074,0.5627713203430176
Wed May  5 13:32:55 2021,1,67196,82783,16800,22.275232315063477,13.642391204833984,0.5600985884666443,19.543174743652344,11.277244567871094,0.5588312745094299
Wed May  5 13:33:27 2021,1,67596,82783,16900,22.254188537597656,13.624415397644043,0.5600930452346802,19.462533950805664,10.855254173278809,0.5695981979370117
Wed May  5 13:34:00 2021,1,67996,82783,17000,22.233476638793945,13.606493949890137,0.5600749254226685,20.303918838500977,10.298644065856934,0.5658459663391113
Wed May  5 13:34:32 2021,1,68396,82783,17100,22.212909698486328,13.587913513183594,0.5600643157958984,19.677188873291016,10.250357627868652,0.5555444955825806
Wed May  5 13:35:05 2021,1,68796,82783,17200,22.199094772338867,13.583948135375977,0.5600603818893433,19.501361846923828,9.94394302368164,0.5592622756958008
Wed May  5 13:35:38 2021,1,69196,82783,17300,22.1823673248291,13.567787170410156,0.5600572228431702,18.332778930664062,10.686441421508789,0.5578229427337646
Wed May  5 13:36:09 2021,1,69596,82783,17400,22.165285110473633,13.550803184509277,0.5600503087043762,17.938140869140625,10.607177734375,0.555548369884491
Wed May  5 13:36:42 2021,1,69996,82783,17500,22.14688491821289,13.533422470092773,0.5600472688674927,18.5494384765625,10.845519065856934,0.5639101266860962
Wed May  5 13:37:14 2021,1,70396,82783,17600,22.128862380981445,13.517252922058105,0.560039758682251,19.008132934570312,12.456242561340332,0.5574889183044434
Wed May  5 13:37:46 2021,1,70796,82783,17700,22.111148834228516,13.50011920928955,0.5600326061248779,18.71622657775879,10.276453018188477,0.5605860948562622
Wed May  5 13:38:18 2021,1,71196,82783,17800,22.091646194458008,13.48185920715332,0.5600188970565796,19.130617141723633,10.28759479522705,0.5707393884658813
Wed May  5 13:38:51 2021,1,71596,82783,17900,22.072893142700195,13.46519660949707,0.5600072741508484,18.578250885009766,11.004413604736328,0.5557907819747925
Wed May  5 13:39:24 2021,1,71996,82783,18000,22.0548152923584,13.448052406311035,0.5599982738494873,19.982688903808594,10.686445236206055,0.553778886795044
Wed May  5 13:39:56 2021,1,72396,82783,18100,22.036375045776367,13.431501388549805,0.559991180896759,18.8137149810791,10.30058479309082,0.5616794228553772
Wed May  5 13:40:29 2021,1,72796,82783,18200,22.01761817932129,13.414129257202148,0.5599831342697144,17.53142547607422,10.3057222366333,0.555444598197937
Wed May  5 13:41:01 2021,1,73196,82783,18300,21.997997283935547,13.397612571716309,0.5599709153175354,18.651729583740234,10.68703842163086,0.559179425239563
Wed May  5 13:41:33 2021,1,73596,82783,18400,21.98040199279785,13.381187438964844,0.5599614977836609,18.17464828491211,10.463651657104492,0.5542393326759338
Wed May  5 13:42:05 2021,1,73996,82783,18500,21.962636947631836,13.365838050842285,0.5599518418312073,19.626455307006836,10.186314582824707,0.5606114864349365
Wed May  5 13:42:38 2021,1,74396,82783,18600,21.94464111328125,13.34950065612793,0.5599451661109924,18.364107131958008,9.897014617919922,0.5579150915145874
Wed May  5 13:43:10 2021,1,74796,82783,18700,21.9259090423584,13.333209991455078,0.5599368810653687,18.542896270751953,10.011369705200195,0.5637702345848083
Wed May  5 13:43:43 2021,1,75196,82783,18800,21.908063888549805,13.31760311126709,0.5599237084388733,18.342689514160156,10.174051284790039,0.558220624923706
Wed May  5 13:44:15 2021,1,75596,82783,18900,21.889802932739258,13.301755905151367,0.5599164366722107,17.866622924804688,10.012120246887207,0.559882402420044
Wed May  5 13:44:47 2021,1,75996,82783,19000,21.872167587280273,13.285849571228027,0.5599089860916138,19.80217170715332,10.117353439331055,0.5603300333023071
Wed May  5 13:45:19 2021,1,76396,82783,19100,21.85460662841797,13.270903587341309,0.5598965883255005,17.962024688720703,10.389501571655273,0.5461369752883911
Wed May  5 13:45:52 2021,1,76796,82783,19200,21.83644676208496,13.255427360534668,0.5598883032798767,18.111331939697266,11.081378936767578,0.5493012070655823
Wed May  5 13:46:24 2021,1,77196,82783,19300,21.819778442382812,13.240185737609863,0.5598795413970947,19.531137466430664,9.831307411193848,0.5582108497619629
Wed May  5 13:46:55 2021,1,77596,82783,19400,21.802732467651367,13.224864959716797,0.5598701238632202,19.1164608001709,10.963104248046875,0.5560886263847351
Wed May  5 13:47:28 2021,1,77996,82783,19500,21.785932540893555,13.209856986999512,0.559861421585083,18.613815307617188,9.75514030456543,0.5554112792015076
Wed May  5 13:48:00 2021,1,78396,82783,19600,21.768962860107422,13.194998741149902,0.5598564743995667,19.878089904785156,10.984911918640137,0.5559459924697876
Wed May  5 13:48:32 2021,1,78796,82783,19700,21.75248146057129,13.17989444732666,0.5598483085632324,18.642826080322266,9.796504974365234,0.5595661401748657
Wed May  5 13:49:04 2021,1,79196,82783,19800,21.736202239990234,13.16577434539795,0.5598446130752563,18.487598419189453,9.741778373718262,0.5593884587287903
Wed May  5 13:49:37 2021,1,79596,82783,19900,21.71994400024414,13.15192699432373,0.55983567237854,18.194101333618164,10.96096134185791,0.5569053888320923
Wed May  5 13:50:09 2021,1,79996,82783,20000,21.70331382751465,13.138187408447266,0.5598247647285461,18.39464569091797,10.638205528259277,0.5650827884674072
Wed May  5 13:50:41 2021,1,80396,82783,20100,21.68720817565918,13.123832702636719,0.5598165988922119,18.81439781188965,9.318975448608398,0.5607710480690002
Wed May  5 13:51:15 2021,1,80796,82783,20200,21.670860290527344,13.1098051071167,0.5598093867301941,18.078454971313477,11.191792488098145,0.5519169569015503
Wed May  5 13:51:46 2021,1,81196,82783,20300,21.654956817626953,13.096153259277344,0.559800922870636,17.012760162353516,10.23098373413086,0.5607215166091919
Wed May  5 13:52:19 2021,1,81596,82783,20400,21.638954162597656,13.08191967010498,0.5597919821739197,17.822463989257812,10.894627571105957,0.5597623586654663
Wed May  5 13:52:51 2021,1,81996,82783,20500,21.62348175048828,13.06849193572998,0.559786856174469,18.086292266845703,10.911248207092285,0.5603945255279541
Wed May  5 13:53:23 2021,1,82396,82783,20600,21.607730865478516,13.054879188537598,0.5597816109657288,18.556745529174805,11.341405868530273,0.5477496385574341
Wed May  5 13:53:56 2021,2,82796,82783,20700,21.59151840209961,13.041211128234863,0.5597830414772034,20.262243270874023,11.615545272827148,0.5477060675621033
Wed May  5 13:54:28 2021,2,83196,82783,20800,21.57549285888672,13.027202606201172,0.5597767233848572,18.32073211669922,9.339317321777344,0.5535478591918945
Wed May  5 13:55:01 2021,2,83596,82783,20900,21.560020446777344,13.013702392578125,0.5597708225250244,19.77264404296875,9.623237609863281,0.565825343132019
Wed May  5 13:55:33 2021,2,83996,82783,21000,21.54439353942871,13.000031471252441,0.5597661137580872,18.18584442138672,9.639575958251953,0.5600967407226562
Wed May  5 13:56:05 2021,2,84396,82783,21100,21.529165267944336,12.986635208129883,0.5597615838050842,18.42930030822754,9.849458694458008,0.5651611089706421
Wed May  5 13:56:39 2021,2,84796,82783,21200,21.513811111450195,12.973128318786621,0.5597503781318665,18.45999526977539,9.662659645080566,0.558684229850769
Wed May  5 13:57:11 2021,2,85196,82783,21300,21.498443603515625,12.959959983825684,0.5597452521324158,18.784839630126953,9.974226951599121,0.5632106065750122
Wed May  5 13:57:43 2021,2,85596,82783,21400,21.48331642150879,12.947736740112305,0.5597342848777771,17.18220329284668,11.583656311035156,0.5560604929924011
Wed May  5 13:58:15 2021,2,85996,82783,21500,21.468332290649414,12.935173034667969,0.5597255825996399,18.33765411376953,10.635891914367676,0.553946852684021
Wed May  5 13:58:48 2021,2,86396,82783,21600,21.45349884033203,12.922451972961426,0.5597227811813354,17.271493911743164,9.95123291015625,0.5604981184005737
Wed May  5 13:59:20 2021,2,86796,82783,21700,21.43855857849121,12.909640312194824,0.5597143769264221,18.169776916503906,9.263509750366211,0.5617871284484863
Wed May  5 13:59:53 2021,2,87196,82783,21800,21.424253463745117,12.897432327270508,0.5597051978111267,20.216068267822266,10.176688194274902,0.569184422492981
Wed May  5 14:00:26 2021,2,87596,82783,21900,21.409399032592773,12.884761810302734,0.5596955418586731,19.06765365600586,9.617426872253418,0.5703535079956055
Wed May  5 14:00:58 2021,2,87996,82783,22000,21.394189834594727,12.872356414794922,0.5596867203712463,17.387760162353516,10.284917831420898,0.5639365911483765
Wed May  5 14:01:31 2021,2,88396,82783,22100,21.37929916381836,12.860243797302246,0.5596812963485718,18.20303726196289,10.259392738342285,0.5535271763801575
Wed May  5 14:02:03 2021,2,88796,82783,22200,21.364585876464844,12.848491668701172,0.5596713423728943,18.019123077392578,10.30340576171875,0.552653431892395
Wed May  5 14:02:36 2021,2,89196,82783,22300,21.350360870361328,12.836440086364746,0.5596609115600586,20.133142471313477,9.786993980407715,0.5578864812850952
Wed May  5 14:03:09 2021,2,89596,82783,22400,21.336027145385742,12.824592590332031,0.5596567392349243,17.939172744750977,9.829572677612305,0.5554734468460083
Wed May  5 14:03:41 2021,2,89996,82783,22500,21.322521209716797,12.812986373901367,0.5596451163291931,18.225791931152344,9.664809226989746,0.557361364364624
Wed May  5 14:04:13 2021,2,90396,82783,22600,21.309303283691406,12.801480293273926,0.5596381425857544,17.502361297607422,9.35871410369873,0.5583518147468567
Wed May  5 14:04:46 2021,2,90796,82783,22700,21.295385360717773,12.78952693939209,0.5596344470977783,19.210161209106445,10.833871841430664,0.5625782012939453
Wed May  5 14:05:18 2021,2,91196,82783,22800,21.281747817993164,12.778346061706543,0.5596307516098022,18.199478149414062,10.32544231414795,0.5570976138114929
Wed May  5 14:05:51 2021,2,91596,82783,22900,21.268173217773438,12.766878128051758,0.5596282482147217,17.15160369873047,15.38459300994873,0.5742154121398926
Wed May  5 14:06:23 2021,2,91996,82783,23000,21.255340576171875,12.755788803100586,0.5596300363540649,18.296110153198242,9.927577018737793,0.5680188536643982
Wed May  5 14:06:55 2021,2,92396,82783,23100,21.241313934326172,12.744331359863281,0.5596235394477844,19.04429817199707,10.443075180053711,0.55720454454422
Wed May  5 14:07:28 2021,2,92796,82783,23200,21.229028701782227,12.732871055603027,0.5596210956573486,17.99353790283203,11.514283180236816,0.554802656173706
Wed May  5 14:08:00 2021,2,93196,82783,23300,21.21596908569336,12.722044944763184,0.5596185922622681,18.823486328125,9.903264999389648,0.5638290643692017
Wed May  5 14:08:32 2021,2,93596,82783,23400,21.202598571777344,12.710758209228516,0.5596151947975159,18.83797264099121,11.581670761108398,0.5476962327957153
Wed May  5 14:09:05 2021,2,93996,82783,23500,21.190393447875977,12.699897766113281,0.5596175789833069,18.039567947387695,10.262447357177734,0.5617836713790894
Wed May  5 14:09:37 2021,2,94396,82783,23600,21.177125930786133,12.688870429992676,0.5596119165420532,18.214242935180664,10.05543327331543,0.5557805299758911
Wed May  5 14:10:10 2021,2,94796,82783,23700,21.164142608642578,12.678159713745117,0.5596064329147339,18.920654296875,11.20343017578125,0.5425743460655212
Wed May  5 14:10:42 2021,2,95196,82783,23800,21.150714874267578,12.66734790802002,0.5595964193344116,17.897254943847656,9.895853042602539,0.5629990100860596
Wed May  5 14:11:14 2021,2,95596,82783,23900,21.137954711914062,12.656379699707031,0.5595967769622803,19.160991668701172,10.637142181396484,0.5619559288024902
Wed May  5 14:11:46 2021,2,95996,82783,24000,21.125051498413086,12.645715713500977,0.5595980286598206,17.8929386138916,10.046180725097656,0.5690918564796448
Wed May  5 14:12:19 2021,2,96396,82783,24100,21.1130428314209,12.635055541992188,0.5596007108688354,18.004745483398438,9.6727876663208,0.5529768466949463
Wed May  5 14:12:52 2021,2,96796,82783,24200,21.10073471069336,12.624629020690918,0.5596010684967041,17.627826690673828,9.894359588623047,0.5609956979751587
Wed May  5 14:13:24 2021,2,97196,82783,24300,21.088420867919922,12.6138916015625,0.5596029758453369,17.89331817626953,9.762206077575684,0.5608263611793518
Wed May  5 14:13:56 2021,2,97596,82783,24400,21.076417922973633,12.603684425354004,0.5596065521240234,17.991273880004883,9.071694374084473,0.5641677379608154
Wed May  5 14:14:28 2021,2,97996,82783,24500,21.065174102783203,12.593162536621094,0.5596122741699219,18.374757766723633,11.360867500305176,0.5664492845535278
Wed May  5 14:15:01 2021,2,98396,82783,24600,21.0532169342041,12.58324146270752,0.5596165060997009,20.439029693603516,10.246994018554688,0.5546693205833435
Wed May  5 14:15:33 2021,2,98796,82783,24700,21.04085922241211,12.572854995727539,0.5596120357513428,18.457565307617188,10.080177307128906,0.5550867915153503
Wed May  5 14:16:05 2021,2,99196,82783,24800,21.029104232788086,12.563187599182129,0.5596042275428772,17.92639923095703,11.362340927124023,0.5564552545547485
Wed May  5 14:16:38 2021,2,99596,82783,24900,21.017301559448242,12.553688049316406,0.5595986843109131,18.543045043945312,9.719158172607422,0.5621893405914307
Wed May  5 14:17:11 2021,2,99996,82783,25000,21.005186080932617,12.543588638305664,0.5595962405204773,17.739521026611328,10.444171905517578,0.5570944547653198
Wed May  5 14:17:43 2021,2,100396,82783,25100,20.993074417114258,12.533482551574707,0.5595949292182922,17.92150115966797,9.791086196899414,0.5582746267318726
Wed May  5 14:18:15 2021,2,100796,82783,25200,20.980710983276367,12.52349853515625,0.5595885515213013,18.820938110351562,10.273441314697266,0.5482408404350281
Wed May  5 14:18:48 2021,2,101196,82783,25300,20.968860626220703,12.513510704040527,0.5595881342887878,17.036457061767578,11.084589004516602,0.5613352060317993
Wed May  5 14:19:20 2021,2,101596,82783,25400,20.957599639892578,12.503808975219727,0.5595875978469849,18.298524856567383,9.462591171264648,0.5628043413162231
Wed May  5 14:19:52 2021,2,101996,82783,25500,20.94549560546875,12.494202613830566,0.5595852732658386,18.118412017822266,9.397933006286621,0.5655614137649536
Wed May  5 14:20:24 2021,2,102396,82783,25600,20.933881759643555,12.485033988952637,0.5595848560333252,18.764236450195312,10.53620433807373,0.5641744136810303
Wed May  5 14:20:56 2021,2,102796,82783,25700,20.923002243041992,12.476040840148926,0.5595830678939819,18.52850341796875,10.917600631713867,0.5607333183288574
Wed May  5 14:21:28 2021,2,103196,82783,25800,20.91191291809082,12.466439247131348,0.5595791935920715,17.90989112854004,9.436392784118652,0.5609797239303589
Wed May  5 14:22:01 2021,2,103596,82783,25900,20.900440216064453,12.457074165344238,0.5595765709877014,19.013057708740234,10.196500778198242,0.5530662536621094
Wed May  5 14:22:33 2021,2,103996,82783,26000,20.889036178588867,12.44750690460205,0.5595776438713074,19.493282318115234,10.452600479125977,0.5689200758934021
Wed May  5 14:23:05 2021,2,104396,82783,26100,20.87740707397461,12.43810749053955,0.5595760941505432,17.505409240722656,10.644914627075195,0.5517113208770752
Wed May  5 14:23:37 2021,2,104796,82783,26200,20.865812301635742,12.42888069152832,0.5595692992210388,17.331275939941406,9.341632843017578,0.5529472827911377
Wed May  5 14:24:10 2021,2,105196,82783,26300,20.854528427124023,12.419419288635254,0.5595710873603821,18.1502685546875,10.136383056640625,0.5510437488555908
Wed May  5 14:24:42 2021,2,105596,82783,26400,20.843624114990234,12.410028457641602,0.5595711469650269,18.67766571044922,9.587425231933594,0.5572094321250916
Wed May  5 14:25:15 2021,2,105996,82783,26500,20.833208084106445,12.40098762512207,0.5595695972442627,17.5726261138916,10.621763229370117,0.5460710525512695
Wed May  5 14:25:47 2021,2,106396,82783,26600,20.822195053100586,12.391830444335938,0.5595659613609314,17.45056915283203,10.281868934631348,0.562441349029541
Wed May  5 14:26:19 2021,2,106796,82783,26700,20.811607360839844,12.382664680480957,0.5595614314079285,17.303314208984375,10.198923110961914,0.5556780099868774
Wed May  5 14:26:51 2021,2,107196,82783,26800,20.800525665283203,12.37348747253418,0.5595590472221375,17.188793182373047,9.501422882080078,0.5647529363632202
Wed May  5 14:27:23 2021,2,107596,82783,26900,20.790157318115234,12.364614486694336,0.5595564246177673,16.693523406982422,9.586263656616211,0.5537149906158447
Wed May  5 14:27:55 2021,2,107996,82783,27000,20.778968811035156,12.355558395385742,0.55955570936203,17.485210418701172,10.032325744628906,0.5627939701080322
Wed May  5 14:28:27 2021,2,108396,82783,27100,20.768508911132812,12.346778869628906,0.5595512986183167,17.765121459960938,9.734007835388184,0.564181923866272
Wed May  5 14:28:59 2021,2,108796,82783,27200,20.758380889892578,12.338353157043457,0.5595455169677734,18.622295379638672,9.610041618347168,0.5576948523521423
Wed May  5 14:29:32 2021,2,109196,82783,27300,20.747642517089844,12.329758644104004,0.5595422983169556,18.771942138671875,9.49083137512207,0.5582495927810669
Wed May  5 14:30:05 2021,2,109596,82783,27400,20.73708152770996,12.321077346801758,0.5595390200614929,17.253490447998047,9.508698463439941,0.5589133501052856
Wed May  5 14:30:38 2021,2,109996,82783,27500,20.726207733154297,12.31217098236084,0.5595367550849915,17.04753875732422,9.703062057495117,0.5619029998779297
Wed May  5 14:31:10 2021,2,110396,82783,27600,20.716026306152344,12.303666114807129,0.5595346093177795,17.83458137512207,10.102216720581055,0.5575293302536011
Wed May  5 14:31:43 2021,2,110796,82783,27700,20.706241607666016,12.294984817504883,0.5595322847366333,18.555770874023438,9.669153213500977,0.5584357976913452
Wed May  5 14:32:15 2021,2,111196,82783,27800,20.695898056030273,12.286447525024414,0.5595362782478333,16.973201751708984,10.457942008972168,0.5604140758514404
Wed May  5 14:32:47 2021,2,111596,82783,27900,20.68568229675293,12.277947425842285,0.5595311522483826,19.36192512512207,10.678678512573242,0.5663992166519165
Wed May  5 14:33:20 2021,2,111996,82783,28000,20.6755428314209,12.2695894241333,0.5595317482948303,16.636600494384766,11.351861000061035,0.5614314675331116
Wed May  5 14:33:52 2021,2,112396,82783,28100,20.66520118713379,12.261277198791504,0.5595287084579468,17.004547119140625,9.844017028808594,0.5537459254264832
Wed May  5 14:34:25 2021,2,112796,82783,28200,20.6546688079834,12.253121376037598,0.5595216155052185,17.14263153076172,10.061779975891113,0.5603803396224976
Wed May  5 14:34:56 2021,2,113196,82783,28300,20.644214630126953,12.24489688873291,0.5595188736915588,18.344650268554688,9.301021575927734,0.5546199679374695
Wed May  5 14:35:29 2021,2,113596,82783,28400,20.634218215942383,12.237163543701172,0.5595204830169678,18.0494441986084,10.124446868896484,0.5691561698913574
Wed May  5 14:36:01 2021,2,113996,82783,28500,20.624149322509766,12.22886848449707,0.5595216751098633,18.053817749023438,10.24515151977539,0.5563222169876099
Wed May  5 14:36:33 2021,2,114396,82783,28600,20.615095138549805,12.22107982635498,0.5595262050628662,19.46895980834961,10.36623477935791,0.5748953223228455
Wed May  5 14:37:05 2021,2,114796,82783,28700,20.60579490661621,12.213456153869629,0.5595270991325378,15.444483757019043,10.10549545288086,0.5574197769165039
Wed May  5 14:37:37 2021,2,115196,82783,28800,20.596256256103516,12.205753326416016,0.559526801109314,17.108867645263672,10.51262092590332,0.5646567940711975
Wed May  5 14:38:09 2021,2,115596,82783,28900,20.5864200592041,12.197829246520996,0.5595235824584961,18.37232780456543,8.93674373626709,0.5617472529411316
Wed May  5 14:38:42 2021,2,115996,82783,29000,20.577058792114258,12.189766883850098,0.5595191121101379,18.294200897216797,9.945704460144043,0.5604727268218994
Wed May  5 14:39:14 2021,2,116396,82783,29100,20.56760025024414,12.181720733642578,0.5595166087150574,17.32665252685547,10.406668663024902,0.5634532570838928
Wed May  5 14:39:47 2021,2,116796,82783,29200,20.55816078186035,12.173924446105957,0.5595155954360962,16.888525009155273,10.296943664550781,0.5525797009468079
Wed May  5 14:40:20 2021,2,117196,82783,29300,20.548995971679688,12.165772438049316,0.5595163702964783,17.877647399902344,9.51120662689209,0.555504322052002
Wed May  5 14:40:53 2021,2,117596,82783,29400,20.539575576782227,12.15748119354248,0.5595126748085022,18.23028564453125,9.201624870300293,0.5657047033309937
Wed May  5 14:41:25 2021,2,117996,82783,29500,20.529460906982422,12.149624824523926,0.559506356716156,16.95943832397461,9.848843574523926,0.5545908212661743
Wed May  5 14:41:58 2021,2,118396,82783,29600,20.519582748413086,12.141895294189453,0.5595073699951172,16.963191986083984,9.581724166870117,0.5556747913360596
Wed May  5 14:42:30 2021,2,118796,82783,29700,20.510543823242188,12.13455867767334,0.5595028400421143,17.21183967590332,10.283644676208496,0.5543179512023926
Wed May  5 14:43:03 2021,2,119196,82783,29800,20.501779556274414,12.12704086303711,0.5595017671585083,17.424457550048828,10.148545265197754,0.5563167333602905
Wed May  5 14:43:36 2021,2,119596,82783,29900,20.4921932220459,12.119576454162598,0.5594968199729919,16.832080841064453,9.177740097045898,0.558758556842804
Wed May  5 14:44:08 2021,2,119996,82783,30000,20.482881546020508,12.112225532531738,0.559490978717804,17.995067596435547,10.012885093688965,0.5567702054977417
Wed May  5 14:44:40 2021,2,120396,82783,30100,20.473920822143555,12.1045503616333,0.5594886541366577,17.6881103515625,9.96539306640625,0.5589805841445923
Wed May  5 14:45:12 2021,2,120796,82783,30200,20.46444320678711,12.097180366516113,0.5594871044158936,17.33070945739746,10.49383544921875,0.558977484703064
Wed May  5 14:45:45 2021,2,121196,82783,30300,20.45560646057129,12.089761734008789,0.559488832950592,17.626070022583008,10.36950397491455,0.5563692450523376
Wed May  5 14:46:17 2021,2,121596,82783,30400,20.446456909179688,12.08249282836914,0.5594843029975891,17.795696258544922,9.902127265930176,0.5683891773223877
Wed May  5 14:46:49 2021,2,121996,82783,30500,20.43781852722168,12.074939727783203,0.5594802498817444,18.53566551208496,8.87575912475586,0.5609422922134399
Wed May  5 14:47:23 2021,2,122396,82783,30600,20.429338455200195,12.067545890808105,0.5594762563705444,18.210830688476562,9.766813278198242,0.546810507774353
Wed May  5 14:47:55 2021,2,122796,82783,30700,20.420482635498047,12.06042766571045,0.5594726204872131,17.372495651245117,9.796475410461426,0.5513917207717896
Wed May  5 14:48:28 2021,2,123196,82783,30800,20.41165542602539,12.05324935913086,0.5594696998596191,18.677474975585938,10.451961517333984,0.5591309070587158
Wed May  5 14:49:03 2021,2,123596,82783,30900,20.40274429321289,12.046074867248535,0.5594697594642639,16.773231506347656,10.067510604858398,0.5573394298553467
Wed May  5 14:49:42 2021,2,123996,82783,31000,20.39400291442871,12.038928031921387,0.5594710111618042,18.050613403320312,9.327041625976562,0.5543404817581177
Wed May  5 14:50:20 2021,2,124396,82783,31100,20.385217666625977,12.031765937805176,0.55946946144104,17.95587158203125,10.429974555969238,0.5557615756988525
Wed May  5 14:51:00 2021,2,124796,82783,31200,20.376354217529297,12.024687767028809,0.5594648718833923,18.510974884033203,9.85694694519043,0.5638114213943481
Wed May  5 14:51:39 2021,2,125196,82783,31300,20.367429733276367,12.017607688903809,0.5594620704650879,16.282751083374023,9.776092529296875,0.5578281879425049
Wed May  5 14:52:18 2021,2,125596,82783,31400,20.3590030670166,12.010412216186523,0.5594621896743774,17.24373435974121,10.479581832885742,0.5504437685012817
Wed May  5 14:52:57 2021,2,125996,82783,31500,20.350452423095703,12.00340747833252,0.5594593286514282,17.957170486450195,9.687854766845703,0.5577527284622192
Wed May  5 14:53:36 2021,2,126396,82783,31600,20.342378616333008,11.99652099609375,0.5594579577445984,17.707122802734375,8.939838409423828,0.5567140579223633
Wed May  5 14:54:14 2021,2,126796,82783,31700,20.333229064941406,11.989350318908691,0.5594532489776611,17.150409698486328,9.8095121383667,0.5614311695098877
Wed May  5 14:54:53 2021,2,127196,82783,31800,20.32499885559082,11.982213973999023,0.5594531297683716,17.364948272705078,8.960187911987305,0.5677952766418457
Wed May  5 14:55:31 2021,2,127596,82783,31900,20.316614151000977,11.975333213806152,0.5594531297683716,17.749801635742188,10.100820541381836,0.5566375851631165
Wed May  5 14:56:10 2021,2,127996,82783,32000,20.308231353759766,11.968035697937012,0.5594538450241089,17.703826904296875,9.590909004211426,0.55033940076828
Wed May  5 14:56:50 2021,2,128396,82783,32100,20.299877166748047,11.961189270019531,0.5594537258148193,17.459430694580078,9.11736011505127,0.5636417865753174
Wed May  5 14:57:30 2021,2,128796,82783,32200,20.291292190551758,11.954500198364258,0.559455931186676,17.169456481933594,9.922094345092773,0.5591681599617004
Wed May  5 14:58:10 2021,2,129196,82783,32300,20.283267974853516,11.947690963745117,0.5594577193260193,18.543319702148438,10.273189544677734,0.5647192001342773
Wed May  5 14:58:50 2021,2,129596,82783,32400,20.27492904663086,11.940521240234375,0.5594584941864014,17.637958526611328,9.176055908203125,0.5645406246185303
Wed May  5 14:59:30 2021,2,129996,82783,32500,20.26670265197754,11.934272766113281,0.5594558715820312,17.603347778320312,9.049403190612793,0.5626908540725708
Wed May  5 15:00:10 2021,2,130396,82783,32600,20.258275985717773,11.927535057067871,0.559456467628479,16.602895736694336,9.436198234558105,0.5603770017623901
Wed May  5 15:00:51 2021,2,130796,82783,32700,20.250347137451172,11.920949935913086,0.5594555735588074,17.16574478149414,9.457751274108887,0.55344158411026
Wed May  5 15:01:31 2021,2,131196,82783,32800,20.24243927001953,11.914485931396484,0.5594533681869507,18.41238784790039,10.527295112609863,0.5669050216674805
Wed May  5 15:02:12 2021,2,131596,82783,32900,20.234182357788086,11.908112525939941,0.559455156326294,16.819637298583984,9.229554176330566,0.5635890960693359
Wed May  5 15:02:53 2021,2,131996,82783,33000,20.226224899291992,11.901549339294434,0.5594539642333984,17.747352600097656,10.178364753723145,0.5631183385848999
Wed May  5 15:03:33 2021,2,132396,82783,33100,20.217937469482422,11.89510440826416,0.5594518184661865,17.66533088684082,10.120406150817871,0.555750846862793
Wed May  5 15:04:14 2021,2,132796,82783,33200,20.210060119628906,11.889054298400879,0.5594480633735657,17.79907989501953,10.654038429260254,0.5614530444145203
Wed May  5 15:04:54 2021,2,133196,82783,33300,20.202178955078125,11.88269329071045,0.5594512820243835,17.02423858642578,10.256256103515625,0.5543197393417358
Wed May  5 15:05:33 2021,2,133596,82783,33400,20.194629669189453,11.876408576965332,0.5594541430473328,18.15475082397461,9.787386894226074,0.5588908195495605
Wed May  5 15:06:14 2021,2,133996,82783,33500,20.18682098388672,11.869651794433594,0.5594556331634521,16.277559280395508,10.389383316040039,0.5631537437438965
Wed May  5 15:06:55 2021,2,134396,82783,33600,20.179380416870117,11.863321304321289,0.5594560503959656,18.779190063476562,8.89774227142334,0.5639007091522217
Wed May  5 15:07:36 2021,2,134796,82783,33700,20.17165756225586,11.85684585571289,0.5594580769538879,18.100099563598633,9.171080589294434,0.5645144581794739
Wed May  5 15:08:17 2021,2,135196,82783,33800,20.164287567138672,11.850774765014648,0.5594607591629028,16.705291748046875,10.099746704101562,0.5524454116821289
Wed May  5 15:08:58 2021,2,135596,82783,33900,20.15664291381836,11.844552040100098,0.5594577193260193,16.446285247802734,10.254143714904785,0.5567718744277954
Wed May  5 15:09:41 2021,2,135996,82783,34000,20.14946174621582,11.83876895904541,0.5594569444656372,17.23334503173828,10.942514419555664,0.5635983943939209
Wed May  5 15:10:22 2021,2,136396,82783,34100,20.142457962036133,11.83254623413086,0.5594570636749268,17.44684600830078,9.446406364440918,0.561334490776062
Wed May  5 15:11:02 2021,2,136796,82783,34200,20.13527488708496,11.826119422912598,0.5594589710235596,16.555675506591797,10.03869915008545,0.5569840669631958
Wed May  5 15:11:44 2021,2,137196,82783,34300,20.12777328491211,11.819849967956543,0.55945885181427,17.928483963012695,10.652810096740723,0.5603949427604675
Wed May  5 15:12:26 2021,2,137596,82783,34400,20.120073318481445,11.813562393188477,0.5594583749771118,17.952327728271484,9.312657356262207,0.5648974180221558
Wed May  5 15:13:08 2021,2,137996,82783,34500,20.112714767456055,11.80759048461914,0.559455156326294,16.750568389892578,9.26855182647705,0.5603140592575073
Wed May  5 15:13:49 2021,2,138396,82783,34600,20.105865478515625,11.801863670349121,0.559454619884491,16.76767921447754,10.786149978637695,0.56358802318573
Wed May  5 15:14:31 2021,2,138796,82783,34700,20.097875595092773,11.795502662658691,0.5594555139541626,17.03434944152832,9.52177619934082,0.5575114488601685
Wed May  5 15:15:14 2021,2,139196,82783,34800,20.090564727783203,11.789571762084961,0.5594523549079895,17.547687530517578,9.345052719116211,0.5626993179321289
Wed May  5 15:15:56 2021,2,139596,82783,34900,20.08319091796875,11.78365707397461,0.5594518184661865,18.287736892700195,8.810800552368164,0.5605882406234741
Wed May  5 15:16:38 2021,2,139996,82783,35000,20.075916290283203,11.777759552001953,0.5594491362571716,18.017492294311523,9.909562110900879,0.5547338724136353
Wed May  5 15:17:20 2021,2,140396,82783,35100,20.068613052368164,11.771926879882812,0.5594481229782104,16.301963806152344,9.542835235595703,0.559749186038971
Wed May  5 15:18:02 2021,2,140796,82783,35200,20.060922622680664,11.765965461730957,0.5594469904899597,18.379497528076172,11.159239768981934,0.5677293539047241
Wed May  5 15:18:45 2021,2,141196,82783,35300,20.05308723449707,11.759787559509277,0.5594455599784851,17.71287727355957,9.454330444335938,0.5594502687454224
Wed May  5 15:19:28 2021,2,141596,82783,35400,20.04583740234375,11.754076957702637,0.5594436526298523,17.401439666748047,9.431401252746582,0.5488409996032715
Wed May  5 15:20:10 2021,2,141996,82783,35500,20.038551330566406,11.748300552368164,0.5594391822814941,17.791746139526367,9.355582237243652,0.5567337274551392
Wed May  5 15:20:53 2021,2,142396,82783,35600,20.03122329711914,11.742541313171387,0.5594357848167419,17.258838653564453,9.918435096740723,0.5527150630950928
Wed May  5 15:21:35 2021,2,142796,82783,35700,20.024276733398438,11.736953735351562,0.5594316124916077,18.109834671020508,9.016074180603027,0.564087986946106
Wed May  5 15:22:18 2021,2,143196,82783,35800,20.017868041992188,11.731023788452148,0.5594325661659241,17.35028648376465,8.827751159667969,0.5582666397094727
Wed May  5 15:23:02 2021,2,143596,82783,35900,20.01080322265625,11.725106239318848,0.5594307780265808,17.203210830688477,9.957071304321289,0.5610383749008179
Wed May  5 15:23:45 2021,2,143996,82783,36000,20.00398826599121,11.71959114074707,0.5594270825386047,18.58249282836914,9.249991416931152,0.5620337128639221
Wed May  5 15:24:28 2021,2,144396,82783,36100,19.997011184692383,11.713994026184082,0.5594214797019958,17.588504791259766,10.668965339660645,0.5550404787063599
Wed May  5 15:25:11 2021,2,144796,82783,36200,19.990129470825195,11.708294868469238,0.5594199895858765,17.754039764404297,9.349352836608887,0.5638235211372375
Wed May  5 15:25:54 2021,2,145196,82783,36300,19.983171463012695,11.702680587768555,0.5594178438186646,16.140583038330078,9.907364845275879,0.5603454113006592
Wed May  5 15:26:37 2021,2,145596,82783,36400,19.976118087768555,11.696890830993652,0.5594175457954407,16.36620330810547,8.879443168640137,0.5566588640213013
Wed May  5 15:27:20 2021,2,145996,82783,36500,19.969348907470703,11.691137313842773,0.559417724609375,17.694412231445312,9.219365119934082,0.5567731857299805
Wed May  5 15:28:04 2021,2,146396,82783,36600,19.962417602539062,11.685786247253418,0.5594131350517273,17.154083251953125,10.03911304473877,0.5463072657585144
Wed May  5 15:28:47 2021,2,146796,82783,36700,19.95565414428711,11.680075645446777,0.5594145059585571,16.958173751831055,10.423001289367676,0.5608535408973694
Wed May  5 15:29:30 2021,2,147196,82783,36800,19.949077606201172,11.675630569458008,0.5594092011451721,17.95684814453125,9.75517463684082,0.556890606880188
Wed May  5 15:30:13 2021,2,147596,82783,36900,19.94242286682129,11.67048454284668,0.5594057440757751,17.355026245117188,10.318361282348633,0.5544145107269287
Wed May  5 15:30:58 2021,2,147996,82783,37000,19.936058044433594,11.665305137634277,0.5594052672386169,16.908845901489258,10.225043296813965,0.5714418292045593
Wed May  5 15:31:42 2021,2,148396,82783,37100,19.929515838623047,11.659945487976074,0.5594049096107483,15.380325317382812,9.728500366210938,0.5494709014892578
Wed May  5 15:32:27 2021,2,148796,82783,37200,19.922391891479492,11.654654502868652,0.5594066977500916,18.09384536743164,9.618083000183105,0.5667356252670288
Wed May  5 15:33:11 2021,2,149196,82783,37300,19.915653228759766,11.649259567260742,0.5594059228897095,16.620288848876953,10.409402847290039,0.5614535808563232
Wed May  5 15:33:56 2021,2,149596,82783,37400,19.908903121948242,11.643808364868164,0.5594059824943542,16.429519653320312,9.416147232055664,0.560906171798706
Wed May  5 15:34:40 2021,2,149996,82783,37500,19.90198516845703,11.638493537902832,0.5594058632850647,16.52084732055664,10.42880916595459,0.5547302961349487
Wed May  5 15:35:25 2021,2,150396,82783,37600,19.895362854003906,11.63342571258545,0.5594103336334229,16.869747161865234,10.0175199508667,0.5608725547790527
Wed May  5 15:36:11 2021,2,150796,82783,37700,19.888975143432617,11.628156661987305,0.5594133138656616,17.73565101623535,9.677160263061523,0.5605595707893372
Wed May  5 15:36:57 2021,2,151196,82783,37800,19.882400512695312,11.622633934020996,0.5594143867492676,17.711387634277344,10.163919448852539,0.5630151629447937
Wed May  5 15:37:44 2021,2,151596,82783,37900,19.876434326171875,11.617663383483887,0.559411346912384,17.511554718017578,9.831314086914062,0.5604889392852783
Wed May  5 15:38:30 2021,2,151996,82783,38000,19.86997413635254,11.612285614013672,0.5594093203544617,16.977909088134766,10.380748748779297,0.5634028911590576
Wed May  5 15:39:16 2021,2,152396,82783,38100,19.86322593688965,11.607048988342285,0.5594092011451721,17.484045028686523,9.218780517578125,0.5610548257827759
Wed May  5 15:40:03 2021,2,152796,82783,38200,19.856937408447266,11.601995468139648,0.5594107508659363,19.40237045288086,9.862312316894531,0.5664727687835693
Wed May  5 15:40:50 2021,2,153196,82783,38300,19.850706100463867,11.596948623657227,0.5594112277030945,18.312091827392578,9.28966999053955,0.5645615458488464
Wed May  5 15:41:36 2021,2,153596,82783,38400,19.844268798828125,11.591545104980469,0.5594133138656616,18.27901840209961,9.877091407775879,0.5613139867782593
Wed May  5 15:42:24 2021,2,153996,82783,38500,19.83802604675293,11.586485862731934,0.559414267539978,17.07442855834961,8.925493240356445,0.5667414665222168
Wed May  5 15:43:11 2021,2,154396,82783,38600,19.831787109375,11.5814790725708,0.5594156980514526,16.826534271240234,9.996095657348633,0.558079183101654
Wed May  5 15:43:59 2021,2,154796,82783,38700,19.825653076171875,11.576410293579102,0.5594156980514526,16.74788475036621,9.567805290222168,0.5698424577713013
Wed May  5 15:44:47 2021,2,155196,82783,38800,19.81983757019043,11.571656227111816,0.5594136714935303,17.610042572021484,9.098071098327637,0.5585068464279175
Wed May  5 15:45:34 2021,2,155596,82783,38900,19.813735961914062,11.566527366638184,0.5594121217727661,17.812986373901367,9.15034008026123,0.5636894106864929
Wed May  5 15:46:23 2021,2,155996,82783,39000,19.807331085205078,11.561281204223633,0.559415340423584,16.43248748779297,9.236647605895996,0.5603020787239075
Wed May  5 15:47:10 2021,2,156396,82783,39100,19.800819396972656,11.556140899658203,0.5594154000282288,18.193626403808594,9.061406135559082,0.5598699450492859
Wed May  5 15:47:59 2021,2,156796,82783,39200,19.794553756713867,11.55136775970459,0.5594161748886108,16.945026397705078,9.666060447692871,0.5566405057907104
Wed May  5 15:48:48 2021,2,157196,82783,39300,19.788482666015625,11.546304702758789,0.5594174265861511,16.984596252441406,9.292795181274414,0.5666713714599609
Wed May  5 15:49:36 2021,2,157596,82783,39400,19.78209686279297,11.541376113891602,0.5594188570976257,16.878599166870117,9.766669273376465,0.565001368522644
Wed May  5 15:50:25 2021,2,157996,82783,39500,19.77625274658203,11.536599159240723,0.5594190359115601,17.201480865478516,9.882774353027344,0.5540808439254761
Wed May  5 15:51:14 2021,2,158396,82783,39600,19.770490646362305,11.531798362731934,0.5594187378883362,17.181262969970703,9.327046394348145,0.5599889755249023
Wed May  5 15:52:03 2021,2,158796,82783,39700,19.764606475830078,11.527016639709473,0.5594190359115601,17.626205444335938,9.291521072387695,0.5628293752670288
Wed May  5 15:52:53 2021,2,159196,82783,39800,19.758771896362305,11.522163391113281,0.5594212412834167,16.740449905395508,9.350449562072754,0.5675134658813477
Wed May  5 15:53:42 2021,2,159596,82783,39900,19.752988815307617,11.517308235168457,0.5594239830970764,17.907861709594727,9.950285911560059,0.5638611912727356
Wed May  5 15:54:32 2021,2,159996,82783,40000,19.747173309326172,11.512372970581055,0.5594242811203003,17.101482391357422,8.833786010742188,0.5592193603515625
Wed May  5 15:55:22 2021,2,160396,82783,40100,19.74126434326172,11.507559776306152,0.5594251751899719,17.243789672851562,9.093542098999023,0.55875563621521
Wed May  5 15:56:12 2021,2,160796,82783,40200,19.735549926757812,11.502586364746094,0.5594247579574585,17.4405517578125,8.503450393676758,0.5571744441986084
Wed May  5 15:57:01 2021,2,161196,82783,40300,19.72975730895996,11.497785568237305,0.5594260692596436,16.3286075592041,9.73441219329834,0.5666640996932983
Wed May  5 15:57:51 2021,2,161596,82783,40400,19.723796844482422,11.492987632751465,0.5594261288642883,17.542400360107422,8.96419906616211,0.5608829259872437
Wed May  5 15:58:41 2021,2,161996,82783,40500,19.717931747436523,11.48846435546875,0.5594274997711182,17.978052139282227,10.30656909942627,0.5635135769844055
Wed May  5 15:59:33 2021,2,162396,82783,40600,19.71220588684082,11.483672142028809,0.5594286322593689,18.116539001464844,10.130663871765137,0.5621411800384521
Wed May  5 16:00:24 2021,2,162796,82783,40700,19.706369400024414,11.479023933410645,0.5594282150268555,18.377981185913086,9.14020824432373,0.565247118473053
Wed May  5 16:01:16 2021,2,163196,82783,40800,19.700796127319336,11.47412109375,0.5594315528869629,17.847373962402344,9.367498397827148,0.5636242628097534
Wed May  5 16:02:08 2021,2,163596,82783,40900,19.695032119750977,11.46939754486084,0.5594332218170166,17.363750457763672,9.575569152832031,0.5610690712928772
Wed May  5 16:03:01 2021,2,163996,82783,41000,19.68943214416504,11.4649019241333,0.5594334602355957,19.659320831298828,9.464395523071289,0.5598356127738953
Wed May  5 16:03:53 2021,2,164396,82783,41100,19.68375015258789,11.460197448730469,0.5594334006309509,18.62030792236328,9.577264785766602,0.5700682401657104
Wed May  5 16:04:45 2021,2,164796,82783,41200,19.678010940551758,11.455540657043457,0.5594350099563599,16.602737426757812,9.152998924255371,0.5611454248428345
Wed May  5 16:05:38 2021,2,165196,82783,41300,19.672204971313477,11.450787544250488,0.5594333410263062,16.888206481933594,9.843107223510742,0.5276814699172974
